filename	wav	sentence	speaker
arctic_a0001	arctic_a0001.wav	Author of the danger trail, Philip Steels, etc.	bdl
arctic_a0002	arctic_a0002.wav	Not at this particular case, Tom, apologized Whittemore.	bdl
arctic_a0003	arctic_a0003.wav	For the twentieth time that evening the two men shook hands.	bdl
arctic_a0004	arctic_a0004.wav	Lord, but I'm glad to see you again, Phil.	bdl
arctic_a0005	arctic_a0005.wav	Will we ever forget it.	bdl
arctic_a0006	arctic_a0006.wav	God bless 'em, I hope I'll go on seeing them forever.	bdl
arctic_a0007	arctic_a0007.wav	And you always want to see it in the superlative degree.	bdl
arctic_a0008	arctic_a0008.wav	Gad, your letter came just in time.	bdl
arctic_a0009	arctic_a0009.wav	He turned sharply, and faced Gregson across the table.	bdl
arctic_a0010	arctic_a0010.wav	I'm playing a single hand in what looks like a losing game.	bdl
arctic_a0011	arctic_a0011.wav	If I ever needed a fighter in my life I need one now.	bdl
arctic_a0012	arctic_a0012.wav	Gregson shoved back his chair and rose to his feet.	bdl
arctic_a0013	arctic_a0013.wav	He was a head shorter than his companion, of almost delicate physique.	bdl
arctic_a0014	arctic_a0014.wav	Now you're coming down to business, Phil, he exclaimed.	bdl
arctic_a0015	arctic_a0015.wav	It's the aurora borealis.	bdl
arctic_a0016	arctic_a0016.wav	There's Fort Churchill, a rifle-shot beyond the ridge, asleep.	bdl
arctic_a0017	arctic_a0017.wav	From that moment his friendship for Belize turns to hatred and jealousy.	bdl
arctic_a0018	arctic_a0018.wav	There was a change now.	bdl
arctic_a0019	arctic_a0019.wav	I followed the line of the proposed railroad, looking for chances.	bdl
arctic_a0020	arctic_a0020.wav	Clubs and balls and cities grew to be only memories.	bdl
arctic_a0021	arctic_a0021.wav	It fairly clubbed me into recognizing it.	bdl
arctic_a0022	arctic_a0022.wav	Hardly were our plans made public before we were met by powerful opposition.	bdl
arctic_a0023	arctic_a0023.wav	A combination of Canadian capital quickly organized and petitioned for the same privileges.	bdl
arctic_a0024	arctic_a0024.wav	It was my reports from the north which chiefly induced people to buy.	bdl
arctic_a0025	arctic_a0025.wav	I was about to do this when cooler judgment prevailed.	bdl
arctic_a0026	arctic_a0026.wav	It occurred to me that there would have to be an accounting.	bdl
arctic_a0027	arctic_a0027.wav	To my surprise he began to show actual enthusiasm in my favor.	bdl
arctic_a0028	arctic_a0028.wav	Robbery, bribery, fraud,	bdl
arctic_a0029	arctic_a0029.wav	Their forces were already moving into the north country.	bdl
arctic_a0030	arctic_a0030.wav	I had faith in them.	bdl
arctic_a0031	arctic_a0031.wav	They were three hundred yards apart.	bdl
arctic_a0032	arctic_a0032.wav	Since then some mysterious force has been fighting us at every step.	bdl
arctic_a0033	arctic_a0033.wav	He unfolded a long typewritten letter, and handed it to Gregson.	bdl
arctic_a0034	arctic_a0034.wav	Men of Selden's stamp don't stop at women and children.	bdl
arctic_a0035	arctic_a0035.wav	He stopped, and Philip nodded at the horrified question in his eyes.	bdl
arctic_a0036	arctic_a0036.wav	She turned in at the hotel.	bdl
arctic_a0037	arctic_a0037.wav	I was the only one who remained sitting.	bdl
arctic_a0038	arctic_a0038.wav	We'll have to watch our chances.	bdl
arctic_a0039	arctic_a0039.wav	The ship should be in within a week or ten days.	bdl
arctic_a0040	arctic_a0040.wav	I suppose you wonder why she is coming up here.	bdl
arctic_a0041	arctic_a0041.wav	Meanwhile I'll go out to breathe a spell.	bdl
arctic_a0042	arctic_a0042.wav	How could he explain his possession of the sketch.	bdl
arctic_a0043	arctic_a0043.wav	It seemed nearer to him since he had seen and talked with Gregson.	bdl
arctic_a0044	arctic_a0044.wav	Her own betrayal of herself was like tonic to Philip.	bdl
arctic_a0045	arctic_a0045.wav	He moved away as quietly as he had come.	bdl
arctic_a0046	arctic_a0046.wav	The girl faced him, her eyes shining with sudden fear.	bdl
arctic_a0047	arctic_a0047.wav	Close beside him gleamed the white fangs of the wolf-dog.	bdl
arctic_a0048	arctic_a0048.wav	He looked at the handkerchief more, closely.	bdl
arctic_a0049	arctic_a0049.wav	Gregson was asleep when he re-entered the cabin.	bdl
arctic_a0050	arctic_a0050.wav	In spite of their absurdity the words affected Philip curiously.	bdl
arctic_a0051	arctic_a0051.wav	The lace was of a delicate ivory color, faintly tinted with yellow.	bdl
arctic_a0052	arctic_a0052.wav	It was a curious coincidence.	bdl
arctic_a0053	arctic_a0053.wav	Suddenly his fingers closed tightly over the handkerchief.	bdl
arctic_a0054	arctic_a0054.wav	There was nothing on the rock.	bdl
arctic_a0055	arctic_a0055.wav	Philip stood undecided, his ears strained to catch the slightest sound.	bdl
arctic_a0056	arctic_a0056.wav	Pearce's little eyes were fixed on him shrewdly.	bdl
arctic_a0057	arctic_a0057.wav	I have no idea, replied Philip.	bdl
arctic_a0058	arctic_a0058.wav	I came for information more out of curiosity than anything else.	bdl
arctic_a0059	arctic_a0059.wav	His immaculate appearance was gone.	bdl
arctic_a0060	arctic_a0060.wav	Anyway, no one saw her like that.	bdl
arctic_a0061	arctic_a0061.wav	Philip snatched at the letter which Gregson held out to him.	bdl
arctic_a0062	arctic_a0062.wav	The men stared into each other's face.	bdl
arctic_a0063	arctic_a0063.wav	Yes, it was a man who asked, a stranger.	bdl
arctic_a0064	arctic_a0064.wav	The fourth and fifth days passed without any developments.	bdl
arctic_a0065	arctic_a0065.wav	They closed now until his fingers were like cords of steel.	bdl
arctic_a0066	arctic_a0066.wav	He saw Jeanne falter for a moment.	bdl
arctic_a0067	arctic_a0067.wav	Surely I will excuse you, she cried.	bdl
arctic_a0068	arctic_a0068.wav	In a flash Philip followed its direction.	bdl
arctic_a0069	arctic_a0069.wav	It was his intention to return to Eileen and her father.	bdl
arctic_a0070	arctic_a0070.wav	He would first hunt up Gregson and begin his work there.	bdl
arctic_a0071	arctic_a0071.wav	What was the object of your little sensation.	bdl
arctic_a0072	arctic_a0072.wav	But who was Eileen's double.	bdl
arctic_a0073	arctic_a0073.wav	The promoter's eyes were heavy, with little puffy bags under them.	bdl
arctic_a0074	arctic_a0074.wav	And now, down there, Eileen was waiting for him.	bdl
arctic_a0075	arctic_a0075.wav	There has been a change, she interrupted him.	bdl
arctic_a0076	arctic_a0076.wav	The gray eyes faltered; the flush deepened.	bdl
arctic_a0077	arctic_a0077.wav	It is the fire, partly, she said.	bdl
arctic_a0078	arctic_a0078.wav	Then, and at supper, he tried to fathom her.	bdl
arctic_a0079	arctic_a0079.wav	It was a large canoe.	bdl
arctic_a0080	arctic_a0080.wav	What if Jeanne failed him.	bdl
arctic_a0081	arctic_a0081.wav	What if she did not come to the rock.	bdl
arctic_a0082	arctic_a0082.wav	His face was streaming with blood.	bdl
arctic_a0083	arctic_a0083.wav	A shadow was creeping over Pierre's eyes.	bdl
arctic_a0084	arctic_a0084.wav	Scarcely had he uttered the name when Pierre's closing eyes shot open.	bdl
arctic_a0085	arctic_a0085.wav	A trickle of fresh blood ran over his face.	bdl
arctic_a0086	arctic_a0086.wav	Death had come with terrible suddenness.	bdl
arctic_a0087	arctic_a0087.wav	Philip bent lower, and stared into the face of the dead man.	bdl
arctic_a0088	arctic_a0088.wav	He made sure that the magazine was loaded, and resumed his paddling.	bdl
arctic_a0089	arctic_a0089.wav	The nightglow was treacherous to shoot by.	bdl
arctic_a0090	arctic_a0090.wav	The singing voice approached rapidly.	bdl
arctic_a0091	arctic_a0091.wav	His blood grew hot with rage at the thought.	bdl
arctic_a0092	arctic_a0092.wav	He went down in midstream, searching the shadows of both shores.	bdl
arctic_a0093	arctic_a0093.wav	For a full minute he crouched and listened.	bdl
arctic_a0094	arctic_a0094.wav	He had barely entered this when he saw the glow of a fire.	bdl
arctic_a0095	arctic_a0095.wav	A big canvas tent was the first thing to come within his vision.	bdl
arctic_a0096	arctic_a0096.wav	Perhaps she had already met her fate a little deeper in the forest.	bdl
arctic_a0097	arctic_a0097.wav	Then you can arrange yourself comfortably among these robes in the bow.	bdl
arctic_a0098	arctic_a0098.wav	Shall I carry you.	bdl
arctic_a0099	arctic_a0099.wav	A maddening joy pounded in his brain.	bdl
arctic_a0100	arctic_a0100.wav	You must sleep, he urged.	bdl
arctic_a0101	arctic_a0101.wav	You, you would not keep the truth from me.	bdl
arctic_a0102	arctic_a0102.wav	He will follow us soon.	bdl
arctic_a0103	arctic_a0103.wav	But there came no promise from the bow of the canoe.	bdl
arctic_a0104	arctic_a0104.wav	She was sleeping under his protection as sweetly as a child.	bdl
arctic_a0105	arctic_a0105.wav	Only, it is so wonderful, so almost impossible to believe.	bdl
arctic_a0106	arctic_a0106.wav	The emotion which she had suppressed burst forth now in a choking sob.	bdl
arctic_a0107	arctic_a0107.wav	If you only could know how I thank you.	bdl
arctic_a0108	arctic_a0108.wav	He waded into the edge of the water and began scrubbing himself.	bdl
arctic_a0109	arctic_a0109.wav	Do you know that you are shaking my confidence in you.	bdl
arctic_a0110	arctic_a0110.wav	Much, replied Jeanne, as tersely.	bdl
arctic_a0111	arctic_a0111.wav	Instead, he joined her; and they ate like two hungry children.	bdl
arctic_a0112	arctic_a0112.wav	He was wounded in the arm.	bdl
arctic_a0113	arctic_a0113.wav	I suppose you picked that lingo up among the Indians.	bdl
arctic_a0114	arctic_a0114.wav	Her words sent a strange chill through Philip.	bdl
arctic_a0115	arctic_a0115.wav	He had no excuse for the feelings which were aroused in him.	bdl
arctic_a0116	arctic_a0116.wav	Was it the rendezvous of those who were striving to work his ruin.	bdl
arctic_a0117	arctic_a0117.wav	She added, with genuine sympathy in her face and voice.	bdl
arctic_a0118	arctic_a0118.wav	Pierre obeys me when we are together.	bdl
arctic_a0119	arctic_a0119.wav	Jeanne was turning the bow shoreward.	bdl
arctic_a0120	arctic_a0120.wav	My right foot feels like that of a Chinese debutante.	bdl
arctic_a0121	arctic_a0121.wav	They ate dinner at the fifth, and rested for two hours.	bdl
arctic_a0122	arctic_a0122.wav	Two years ago I gave up civilization for this.	bdl
arctic_a0123	arctic_a0123.wav	She had died from cold and starvation.	bdl
arctic_a0124	arctic_a0124.wav	It was Jeanne singing softly over beyond the rocks.	bdl
arctic_a0125	arctic_a0125.wav	He was determined now to maintain a more certain hold upon himself.	bdl
arctic_a0126	arctic_a0126.wav	Each day she became a more vital part of him.	bdl
arctic_a0127	arctic_a0127.wav	It was a temptation, but he resisted it.	bdl
arctic_a0128	arctic_a0128.wav	This one hope was destroyed as quickly as it was born.	bdl
arctic_a0129	arctic_a0129.wav	Her face was against his breast.	bdl
arctic_a0130	arctic_a0130.wav	She was his now, forever.	bdl
arctic_a0131	arctic_a0131.wav	Providence had delivered him through the maelstrom.	bdl
arctic_a0132	arctic_a0132.wav	A cry of joy burst from Philip's lips.	bdl
arctic_a0133	arctic_a0133.wav	Philip began to feel that he had foolishly overestimated his strength.	bdl
arctic_a0134	arctic_a0134.wav	He obeyed the pressure of her hand.	bdl
arctic_a0135	arctic_a0135.wav	I am going to surprise father, and you will go with Pierre.	bdl
arctic_a0136	arctic_a0136.wav	About him, everywhere, were the evidences of luxury and of age.	bdl
arctic_a0137	arctic_a0137.wav	Then he stepped back with a low cry of pleasure.	bdl
arctic_a0138	arctic_a0138.wav	In the picture he saw each moment a greater resemblance to Jeanne.	bdl
arctic_a0139	arctic_a0139.wav	He told himself that as he washed himself and groomed his disheveled clothes.	bdl
arctic_a0140	arctic_a0140.wav	Accept a father's blessing, and with it, this.	bdl
arctic_a0141	arctic_a0141.wav	It seems like a strange pointing of the hand of God.	bdl
arctic_a0142	arctic_a0142.wav	Such things had occurred before, he told Philip.	bdl
arctic_a0143	arctic_a0143.wav	Ah, I had forgotten, he exclaimed.	bdl
arctic_a0144	arctic_a0144.wav	But there was something even more startling than this resemblance.	bdl
arctic_a0145	arctic_a0145.wav	I have to be careful of them, as they tear very easily.	bdl
arctic_a0146	arctic_a0146.wav	Of course, that is uninteresting, she continued.	bdl
arctic_a0147	arctic_a0147.wav	A moment before he was intoxicated by a joy that was almost madness.	bdl
arctic_a0148	arctic_a0148.wav	Now these things had been struck dead within him.	bdl
arctic_a0149	arctic_a0149.wav	For an instant he saw Pierre drawn like a silhouette against the sky.	bdl
arctic_a0150	arctic_a0150.wav	Goodbye, Pierre, he shouted.	bdl
arctic_a0151	arctic_a0151.wav	And MacDougall was beyond the trail, with three weeks to spare.	bdl
arctic_a0152	arctic_a0152.wav	Philip thrust himself against it and entered.	bdl
arctic_a0153	arctic_a0153.wav	MacDougall tapped his forehead suspiciously with a stubby forefinger.	bdl
arctic_a0154	arctic_a0154.wav	He was smooth-shaven, and his hair and eyes were black.	bdl
arctic_a0155	arctic_a0155.wav	Won't you draw up, gentlemen.	bdl
arctic_a0156	arctic_a0156.wav	A strange fire burned in his eyes when Thorpe turned.	bdl
arctic_a0157	arctic_a0157.wav	He had worshiped her, as Dante might have worshiped Beatrice.	bdl
arctic_a0158	arctic_a0158.wav	Does that look good.	bdl
arctic_a0159	arctic_a0159.wav	They look as though he had been drumming a piano all his life.	bdl
arctic_a0160	arctic_a0160.wav	You want to go over and see his gang throw dirt.	bdl
arctic_a0161	arctic_a0161.wav	Take away their foreman and they wouldn't be worth their grub.	bdl
arctic_a0162	arctic_a0162.wav	That's the sub-foreman, explained Thorpe.	bdl
arctic_a0163	arctic_a0163.wav	Philip made no effort to follow.	bdl
arctic_a0164	arctic_a0164.wav	He came first a year ago, and revealed himself to Jeanne.	bdl
arctic_a0165	arctic_a0165.wav	They are to attack your camp tomorrow night.	bdl
arctic_a0166	arctic_a0166.wav	Two days ago Jeanne learned where her father's men were hiding.	bdl
arctic_a0167	arctic_a0167.wav	I was near the cabin, and saw you.	bdl
arctic_a0168	arctic_a0168.wav	Low bush whipped him in the face and left no sting.	bdl
arctic_a0169	arctic_a0169.wav	Suddenly Jeanne stopped for an instant.	bdl
arctic_a0170	arctic_a0170.wav	There was none of the joy of meeting in his face.	bdl
arctic_a0171	arctic_a0171.wav	And when you come back in a few days, bring Eileen.	bdl
arctic_a0172	arctic_a0172.wav	Gregson had left the outer door slightly ajar.	bdl
arctic_a0173	arctic_a0173.wav	The date was nearly eighteen years old.	bdl
arctic_a0174	arctic_a0174.wav	They were the presage of storm.	bdl
arctic_a0175	arctic_a0175.wav	Down there the earth was already swelling with life.	bdl
arctic_a0176	arctic_a0176.wav	For the first time in his life he was yearning for a scrap.	bdl
arctic_a0177	arctic_a0177.wav	She had been thoroughly and efficiently mauled.	bdl
arctic_a0178	arctic_a0178.wav	Every bone in her aged body seemed broken or dislocated.	bdl
arctic_a0179	arctic_a0179.wav	Tomorrow I'm going after that bear, he said.	bdl
arctic_a0180	arctic_a0180.wav	If not, let's say our prayers and go to bed.	bdl
arctic_a0181	arctic_a0181.wav	So cheer up, and give us your paw.	bdl
arctic_a0182	arctic_a0182.wav	This time he did not yap for mercy.	bdl
arctic_a0183	arctic_a0183.wav	And the air was growing chilly.	bdl
arctic_a0184	arctic_a0184.wav	Don't you see, I'm chewing this thing in two.	bdl
arctic_a0185	arctic_a0185.wav	The questions may have come vaguely in his mind.	bdl
arctic_a0186	arctic_a0186.wav	Like a flash he launched himself into the feathered mass of the owl.	bdl
arctic_a0187	arctic_a0187.wav	Ahead of them they saw a glimmer of sunshine.	bdl
arctic_a0188	arctic_a0188.wav	Two gigantic owls were tearing at the carcass.	bdl
arctic_a0189	arctic_a0189.wav	The big-eyed, clucking moose-birds were most annoying.	bdl
arctic_a0190	arctic_a0190.wav	Next to them the Canada jays were most persistent.	bdl
arctic_a0191	arctic_a0191.wav	For a time the exciting thrill of his adventure was gone.	bdl
arctic_a0192	arctic_a0192.wav	He did not rush in.	bdl
arctic_a0193	arctic_a0193.wav	It was edged with ice.	bdl
arctic_a0194	arctic_a0194.wav	He drank of the water cautiously.	bdl
arctic_a0195	arctic_a0195.wav	But a strange thing happened.	bdl
arctic_a0196	arctic_a0196.wav	He began to follow the footprints of the dog.	bdl
arctic_a0197	arctic_a0197.wav	Such a dog the wise driver kills, or turns loose.	bdl
arctic_a0198	arctic_a0198.wav	Sometimes her dreams were filled with visions.	bdl
arctic_a0199	arctic_a0199.wav	Thus had the raw wilderness prepared him for this day.	bdl
arctic_a0200	arctic_a0200.wav	He leapt again, and the club caught him once more.	bdl
arctic_a0201	arctic_a0201.wav	He cried, and swung the club wildly.	bdl
arctic_a0202	arctic_a0202.wav	She turned, fearing that Jacques might see what was in her face.	bdl
arctic_a0203	arctic_a0203.wav	They were following the shore of a lake.	bdl
arctic_a0204	arctic_a0204.wav	The wolf-dog thrust his gaunt muzzle toward him.	bdl
arctic_a0205	arctic_a0205.wav	From now on we're pals.	bdl
arctic_a0206	arctic_a0206.wav	He says he bought him of Jacques Le Beau.	bdl
arctic_a0207	arctic_a0207.wav	How much was it.	bdl
arctic_a0208	arctic_a0208.wav	Youth had come back to her, freed from the yoke of oppression.	bdl
arctic_a0209	arctic_a0209.wav	It was not a large lake, and almost round.	bdl
arctic_a0210	arctic_a0210.wav	Its diameter was not more than two hundred yards.	bdl
arctic_a0211	arctic_a0211.wav	It drowned all sound that brute agony and death may have made.	bdl
arctic_a0212	arctic_a0212.wav	Fresh cases, still able to walk, they clustered about the spokesman.	bdl
arctic_a0213	arctic_a0213.wav	Between him and the beach was the cane-grass fence of the compound.	bdl
arctic_a0214	arctic_a0214.wav	Besides, he was paid one case of tobacco per head.	bdl
arctic_a0215	arctic_a0215.wav	They die out of spite.	bdl
arctic_a0216	arctic_a0216.wav	The other felt a sudden wave of irritation rush through him.	bdl
arctic_a0217	arctic_a0217.wav	Oppressive as the heat had been, it was now even more oppressive.	bdl
arctic_a0218	arctic_a0218.wav	The ringing of the big bell aroused him.	bdl
arctic_a0219	arctic_a0219.wav	At first he puzzled over something untoward he was sure had happened.	bdl
arctic_a0220	arctic_a0220.wav	A dead man is of no use on a plantation.	bdl
arctic_a0221	arctic_a0221.wav	I don't know why you're here at all.	bdl
arctic_a0222	arctic_a0222.wav	What part of the United States is your home.	bdl
arctic_a0223	arctic_a0223.wav	My, I'm almost homesick for it already.	bdl
arctic_a0224	arctic_a0224.wav	She nodded, and her eyes grew soft and moist.	bdl
arctic_a0225	arctic_a0225.wav	I was brought up the way most girls in Hawaii are brought up.	bdl
arctic_a0226	arctic_a0226.wav	That came before my A B C's.	bdl
arctic_a0227	arctic_a0227.wav	It was the same way with our revolvers and rifles.	bdl
arctic_a0228	arctic_a0228.wav	But it contributed to the smash.	bdl
arctic_a0229	arctic_a0229.wav	The last one I knew was an overseer.	bdl
arctic_a0230	arctic_a0230.wav	Do you know any good land around here.	bdl
arctic_a0231	arctic_a0231.wav	The Resident Commissioner is away in Australia.	bdl
arctic_a0232	arctic_a0232.wav	I cannot follow you, she said.	bdl
arctic_a0233	arctic_a0233.wav	I never allow what can't be changed to annoy me.	bdl
arctic_a0234	arctic_a0234.wav	Why, the average review is more nauseating than cod liver oil.	bdl
arctic_a0235	arctic_a0235.wav	His voice was passionately rebellious.	bdl
arctic_a0236	arctic_a0236.wav	Don't you see I hate you.	bdl
arctic_a0237	arctic_a0237.wav	So Hughie and I did the managing ourselves.	bdl
arctic_a0238	arctic_a0238.wav	It happened to him at the Gallina Society in Oakland one afternoon.	bdl
arctic_a0239	arctic_a0239.wav	He cried in such genuine dismay that she broke into hearty laughter.	bdl
arctic_a0240	arctic_a0240.wav	Wash your hands of me.	bdl
arctic_a0241	arctic_a0241.wav	I think it's much nicer to quarrel.	bdl
arctic_a0242	arctic_a0242.wav	I saw it when she rolled.	bdl
arctic_a0243	arctic_a0243.wav	I only read the quotations.	bdl
arctic_a0244	arctic_a0244.wav	He was the soul of devotion to his employers.	bdl
arctic_a0245	arctic_a0245.wav	Out of his eighteen hundred, he laid aside sixteen hundred each year.	bdl
arctic_a0246	arctic_a0246.wav	You have heard always how he was the lover of the Princess Naomi.	bdl
arctic_a0247	arctic_a0247.wav	They ought to pass here some time today.	bdl
arctic_a0248	arctic_a0248.wav	I had been sad too long already.	bdl
arctic_a0249	arctic_a0249.wav	All eyes, however, were staring at him in certitude of expectancy.	bdl
arctic_a0250	arctic_a0250.wav	He had observed the business life of Hawaii and developed a vaulting ambition.	bdl
arctic_a0251	arctic_a0251.wav	I may manage to freight a cargo back as well.	bdl
arctic_a0252	arctic_a0252.wav	O'Brien had been a clean living young man with ideals.	bdl
arctic_a0253	arctic_a0253.wav	He it was that lived to found the family of the Patino.	bdl
arctic_a0254	arctic_a0254.wav	Straight out they swam, their heads growing smaller and smaller.	bdl
arctic_a0255	arctic_a0255.wav	You won't die of malnutrition, be sure of that.	bdl
arctic_a0256	arctic_a0256.wav	See the length of the body and that elongated neck.	bdl
arctic_a0257	arctic_a0257.wav	They are coming ashore, whoever they are.	bdl
arctic_a0258	arctic_a0258.wav	Soaked in seawater they offset the heat rays.	bdl
arctic_a0259	arctic_a0259.wav	Think of investing in such an adventure.	bdl
arctic_a0260	arctic_a0260.wav	Nobody knew his history, they of the Junta least of all.	bdl
arctic_a0261	arctic_a0261.wav	I have been doubly baptized.	bdl
arctic_a0262	arctic_a0262.wav	They wouldn't be sweeping a big vessel like the Martha.	bdl
arctic_a0263	arctic_a0263.wav	Joan looked triumphantly at Sheldon, who bowed.	bdl
arctic_a0264	arctic_a0264.wav	And I hope you've got plenty of chain out, Captain Young.	bdl
arctic_a0265	arctic_a0265.wav	The discovery seemed to have been made on the spur of the moment.	bdl
arctic_a0266	arctic_a0266.wav	They handled two men already, both grub-thieves.	bdl
arctic_a0267	arctic_a0267.wav	Eli Harding asked, as Shunk started to follow.	bdl
arctic_a0268	arctic_a0268.wav	Now go ahead and tell me in a straightforward way what has happened.	bdl
arctic_a0269	arctic_a0269.wav	That's where they cut off the Scottish Chiefs and killed all hands.	bdl
arctic_a0270	arctic_a0270.wav	And after the bath a shave would not be bad.	bdl
arctic_a0271	arctic_a0271.wav	Now please give a plain statement of what occurred.	bdl
arctic_a0272	arctic_a0272.wav	You can take a vacation on pay.	bdl
arctic_a0273	arctic_a0273.wav	They are big trees and require plenty of room.	bdl
arctic_a0274	arctic_a0274.wav	And Raoul listened again to the tale of the house.	bdl
arctic_a0275	arctic_a0275.wav	There are no kiddies and half grown youths among them.	bdl
arctic_a0276	arctic_a0276.wav	Oolong Atoll was one hundred and forty miles in circumference.	bdl
arctic_a0277	arctic_a0277.wav	McCoy found a stifling, poisonous atmosphere in the pent cabin.	bdl
arctic_a0278	arctic_a0278.wav	It would give me nervous prostration.	bdl
arctic_a0279	arctic_a0279.wav	She said with chattering teeth.	bdl
arctic_a0280	arctic_a0280.wav	I'll be out of my head in fifteen minutes.	bdl
arctic_a0281	arctic_a0281.wav	I do not blame you for anything; remember that.	bdl
arctic_a0282	arctic_a0282.wav	If you mean to insinuate -- Brentwood began hotly.	bdl
arctic_a0283	arctic_a0283.wav	The woman in you is only incidental, accidental, and irrelevant.	bdl
arctic_a0284	arctic_a0284.wav	There was no forecasting this strange girl's processes.	bdl
arctic_a0285	arctic_a0285.wav	But what they want with your toothbrush is more than I can imagine.	bdl
arctic_a0286	arctic_a0286.wav	Give them their choice between a fine or an official whipping.	bdl
arctic_a0287	arctic_a0287.wav	Keep an eye on him.	bdl
arctic_a0288	arctic_a0288.wav	Those are my oysters, he said at last.	bdl
arctic_a0289	arctic_a0289.wav	They are not regular oyster pirates, Nicholas continued.	bdl
arctic_a0290	arctic_a0290.wav	One by one the boys were captured.	bdl
arctic_a0291	arctic_a0291.wav	The weeks had gone by, and no overt acts had been attempted.	bdl
arctic_a0292	arctic_a0292.wav	Here, in the midmorning, the first casualty occurred.	bdl
arctic_a0293	arctic_a0293.wav	They were deep in the primeval forest.	bdl
arctic_a0294	arctic_a0294.wav	He had been foiled in his attempt to escape.	bdl
arctic_a0295	arctic_a0295.wav	And twenty men could hold it with spears and arrows.	bdl
arctic_a0296	arctic_a0296.wav	Bassett was a fastidious man.	bdl
arctic_a0297	arctic_a0297.wav	There's a big English general right now whose name is Roberts.	bdl
arctic_a0298	arctic_a0298.wav	This tacit promise of continued acquaintance gave Saxon a little joy-thrill.	bdl
arctic_a0299	arctic_a0299.wav	I tell you I am disgusted with this adventure tomfoolery and rot.	bdl
arctic_a0300	arctic_a0300.wav	From my earliest recollection my sleep was a period of terror.	bdl
arctic_a0301	arctic_a0301.wav	But all my dreams violated this law.	bdl
arctic_a0302	arctic_a0302.wav	It is very plausible to such people, a most convincing hypothesis.	bdl
arctic_a0303	arctic_a0303.wav	But they make the mistake of ignoring their own duality.	bdl
arctic_a0304	arctic_a0304.wav	I graduated last of my class.	bdl
arctic_a0305	arctic_a0305.wav	They had no fixed values, to be altered by adjectives and adverbs.	bdl
arctic_a0306	arctic_a0306.wav	He was pressing beyond the limits of his vocabulary.	bdl
arctic_a0307	arctic_a0307.wav	Very early in my life, I separated from my mother.	bdl
arctic_a0308	arctic_a0308.wav	His infernal chattering worries me even now as I think of it.	bdl
arctic_a0309	arctic_a0309.wav	White Leghorns, said Mrs Mortimer.	bdl
arctic_a0310	arctic_a0310.wav	Massage under tension, was the cryptic reply.	bdl
arctic_a0311	arctic_a0311.wav	Therefore, hurrah for the game.	bdl
arctic_a0312	arctic_a0312.wav	It lived in perpetual apprehension of that quarter of the compass.	bdl
arctic_a0313	arctic_a0313.wav	Broken-Tooth yelled with fright and pain.	bdl
arctic_a0314	arctic_a0314.wav	Thus was momentum gained in the Younger World.	bdl
arctic_a0315	arctic_a0315.wav	Saxon waited, for she knew a fresh idea had struck Billy.	bdl
arctic_a0316	arctic_a0316.wav	We had been chased by them ourselves, more than once.	bdl
arctic_a0317	arctic_a0317.wav	He was a wise hyena.	bdl
arctic_a0318	arctic_a0318.wav	Production is doubling and quadrupling upon itself.	bdl
arctic_a0319	arctic_a0319.wav	And the Edinburgh Evening News says, with editorial gloom.	bdl
arctic_a0320	arctic_a0320.wav	With my strength I slammed it full into Red-Eye's face.	bdl
arctic_a0321	arctic_a0321.wav	The log on which Lop-Ear was lying got adrift.	bdl
arctic_a0322	arctic_a0322.wav	This is a common experience with all of us.	bdl
arctic_a0323	arctic_a0323.wav	He considered the victory already his and stepped forward to the meat.	bdl
arctic_a0324	arctic_a0324.wav	It was not Red-Eye's way to forego revenge so easily.	bdl
arctic_a0325	arctic_a0325.wav	Whiz-zip-bang. Lop-Ear screamed with sudden anguish.	bdl
arctic_a0326	arctic_a0326.wav	Cherokee identified himself with his instinct.	bdl
arctic_a0327	arctic_a0327.wav	They were less stooped than we, less springy in their movements.	bdl
arctic_a0328	arctic_a0328.wav	The Fire People, like ourselves, lived in caves.	bdl
arctic_a0329	arctic_a0329.wav	Ah, indeed.	bdl
arctic_a0330	arctic_a0330.wav	Red-Eye never committed a more outrageous deed.	bdl
arctic_a0331	arctic_a0331.wav	Poor little Crooked-Leg was terribly scared.	bdl
arctic_a0332	arctic_a0332.wav	Unconsciously, our yells and exclamations yielded to this rhythm.	bdl
arctic_a0333	arctic_a0333.wav	This is no place for you.	bdl
arctic_a0334	arctic_a0334.wav	He'll knock you off a few sticks in no time.	bdl
arctic_a0335	arctic_a0335.wav	Red-Eye swung back and forth on the branch farther down.	bdl
arctic_a0336	arctic_a0336.wav	So unexpected was my charge that I knocked him off his feet.	bdl
arctic_a0337	arctic_a0337.wav	Encouraged by my conduct, Big-Face became a sudden ally.	bdl
arctic_a0338	arctic_a0338.wav	The fighting had now become intermittent.	bdl
arctic_a0339	arctic_a0339.wav	They obeyed him, and went here and there at his commands.	bdl
arctic_a0340	arctic_a0340.wav	It was like the beating of hoofs.	bdl
arctic_a0341	arctic_a0341.wav	Why, doggone you all, shake again.	bdl
arctic_a0342	arctic_a0342.wav	Seventeen, no, eighteen days ago.	bdl
arctic_a0343	arctic_a0343.wav	You mean for this State, General, Alberta.	bdl
arctic_a0344	arctic_a0344.wav	He seemed to fill it with his tremendous vitality.	bdl
arctic_a0345	arctic_a0345.wav	She was trying to pass the apron string around him.	bdl
arctic_a0346	arctic_a0346.wav	Get down and dig in.	bdl
arctic_a0347	arctic_a0347.wav	They are greatly delighted with anything that is bright or giveth a sound.	bdl
arctic_a0348	arctic_a0348.wav	They only lifted seven hundred and fifty.	bdl
arctic_a0349	arctic_a0349.wav	It was simple, in its way, and no virtue of his.	bdl
arctic_a0350	arctic_a0350.wav	Is that Pat Hanrahan's mug looking hungry and willing.	bdl
arctic_a0351	arctic_a0351.wav	It was more like sugar.	bdl
arctic_a0352	arctic_a0352.wav	I'm sure going along with you all, Elijah.	bdl
arctic_a0353	arctic_a0353.wav	Here the explosion of mirth drowned him out.	bdl
arctic_a0354	arctic_a0354.wav	Fresh meat they failed to obtain.	bdl
arctic_a0355	arctic_a0355.wav	A burst of laughter was his reward.	bdl
arctic_a0356	arctic_a0356.wav	You don't catch me at any such foolishness.	bdl
arctic_a0357	arctic_a0357.wav	A month passed by, and Bonanza Creek remained quiet.	bdl
arctic_a0358	arctic_a0358.wav	They continued valiantly to lie, but the truth continued to outrun them.	bdl
arctic_a0359	arctic_a0359.wav	Earth and gravel seemed to fill the pan.	bdl
arctic_a0360	arctic_a0360.wav	But he no longer cared quite so much for that form of diversion.	bdl
arctic_a0361	arctic_a0361.wav	But he did not broach it, preferring to mature it carefully.	bdl
arctic_a0362	arctic_a0362.wav	Nope, not the slightest idea.	bdl
arctic_a0363	arctic_a0363.wav	It is not an attempt to smash the market.	bdl
arctic_a0364	arctic_a0364.wav	We have plenty of capital ourselves, and yet we want more.	bdl
arctic_a0365	arctic_a0365.wav	These rumors may even originate with us.	bdl
arctic_a0366	arctic_a0366.wav	A wildly exciting time was his during the week preceding Thursday the eighteenth.	bdl
arctic_a0367	arctic_a0367.wav	There is not an iota of truth in it, certainly not.	bdl
arctic_a0368	arctic_a0368.wav	I just do appreciate it without being able to express my feelings.	bdl
arctic_a0369	arctic_a0369.wav	In partnership with Daylight, the pair raided the San Jose Interurban.	bdl
arctic_a0370	arctic_a0370.wav	He saw all men in the business game doing this.	bdl
arctic_a0371	arctic_a0371.wav	It issued a rate of forty two dollars a car on charcoal.	bdl
arctic_a0372	arctic_a0372.wav	He saw only the effect in a general, sketchy way.	bdl
arctic_a0373	arctic_a0373.wav	Points of view, new ideas, life.	bdl
arctic_a0374	arctic_a0374.wav	But life's worth more than cash, she argued.	bdl
arctic_a0375	arctic_a0375.wav	The butchers and meat cutters refused to handle meat destined for unfair restaurants.	bdl
arctic_a0376	arctic_a0376.wav	Your price, my son, is just about thirty per week.	bdl
arctic_a0377	arctic_a0377.wav	This sound did not disturb the hush and awe of the place.	bdl
arctic_a0378	arctic_a0378.wav	That's why its boundaries are all gouged and jagged.	bdl
arctic_a0379	arctic_a0379.wav	How old are you, daddy.	bdl
arctic_a0380	arctic_a0380.wav	But in the canyons water was plentiful and also a luxuriant forest growth.	bdl
arctic_a0381	arctic_a0381.wav	My name's Ferguson.	bdl
arctic_a0382	arctic_a0382.wav	Daylight found himself charmed and made curious by the little man.	bdl
arctic_a0383	arctic_a0383.wav	To his surprise, her answer was flat and uncompromising.	bdl
arctic_a0384	arctic_a0384.wav	The farmer works the soil and produces grain.	bdl
arctic_a0385	arctic_a0385.wav	That's what Carnegie did.	bdl
arctic_a0386	arctic_a0386.wav	I can't argue with you, and you know that.	bdl
arctic_a0387	arctic_a0387.wav	Bob, growing disgusted, turned back suddenly and attempted to pass Mab.	bdl
arctic_a0388	arctic_a0388.wav	It was my idea to a tee.	bdl
arctic_a0389	arctic_a0389.wav	Mab, she said.	bdl
arctic_a0390	arctic_a0390.wav	I'll go over tomorrow afternoon.	bdl
arctic_a0391	arctic_a0391.wav	But he reconciled himself to it by an act of faith.	bdl
arctic_a0392	arctic_a0392.wav	There is that magnificent Bob, eating his head off in the stable.	bdl
arctic_a0393	arctic_a0393.wav	Already he had begun borrowing from the banks.	bdl
arctic_a0394	arctic_a0394.wav	It's the strap hangers that'll keep us from going under.	bdl
arctic_a0395	arctic_a0395.wav	As for himself, weren't the street railway earnings increasing steadily.	bdl
arctic_a0396	arctic_a0396.wav	A rising tide of fat had submerged them.	bdl
arctic_a0397	arctic_a0397.wav	Call me that again, he murmured ecstatically.	bdl
arctic_a0398	arctic_a0398.wav	In the car were Unwin and Harrison, while Jones sat with the chauffeur.	bdl
arctic_a0399	arctic_a0399.wav	And here's another idea.	bdl
arctic_a0400	arctic_a0400.wav	Manuel had one besetting sin.	bdl
arctic_a0401	arctic_a0401.wav	The man smiled grimly, and brought a hatchet and a club.	bdl
arctic_a0402	arctic_a0402.wav	Curly rushed her antagonist, who struck again and leaped aside.	bdl
arctic_a0403	arctic_a0403.wav	His newborn cunning gave him poise and control.	bdl
arctic_a0404	arctic_a0404.wav	Perrault found one with head buried in the grub box.	bdl
arctic_a0405	arctic_a0405.wav	It seemed the ordained order of things that dogs should work.	bdl
arctic_a0406	arctic_a0406.wav	And that was the last of Francois and Perrault.	bdl
arctic_a0407	arctic_a0407.wav	Mercedes screamed, cried, laughed, and manifested the chaotic abandonment of hysteria.	bdl
arctic_a0408	arctic_a0408.wav	The Eldorado emptied its occupants into the street to see the test.	bdl
arctic_a0409	arctic_a0409.wav	He could feel a new stir in the land.	bdl
arctic_a0410	arctic_a0410.wav	So we have to fit the boat throughout with oil lamps as well.	bdl
arctic_a0411	arctic_a0411.wav	It will break our hearts and our backs to hoist anchor by hand.	bdl
arctic_a0412	arctic_a0412.wav	There is another virtue in these bulkheads.	bdl
arctic_a0413	arctic_a0413.wav	But I am at the end of my resources.	bdl
arctic_a0414	arctic_a0414.wav	Now our figuring was all right.	bdl
arctic_a0415	arctic_a0415.wav	It lasted as a deterrent for two days.	bdl
arctic_a0416	arctic_a0416.wav	The added weight had a velocity of fifteen miles per hour.	bdl
arctic_a0417	arctic_a0417.wav	It is also an insidious, deceitful sun.	bdl
arctic_a0418	arctic_a0418.wav	The Portuguese boy crawled nearer and nearer.	bdl
arctic_a0419	arctic_a0419.wav	The Portuguese boy passed the Hawaiian.	bdl
arctic_a0420	arctic_a0420.wav	When I came to I was waving my hat and murmuring ecstatically.	bdl
arctic_a0421	arctic_a0421.wav	By golly, the boy wins.	bdl
arctic_a0422	arctic_a0422.wav	Halfway around the track one donkey got into an argument with its rider.	bdl
arctic_a0423	arctic_a0423.wav	McVeigh when he returns from a trip to Honolulu.	bdl
arctic_a0424	arctic_a0424.wav	Obviously, it was a disease that could be contracted by contact.	bdl
arctic_a0425	arctic_a0425.wav	Otherwise no restriction is put upon their seafaring.	bdl
arctic_a0426	arctic_a0426.wav	They do not know the length of time of incubation.	bdl
arctic_a0427	arctic_a0427.wav	Enters now the psychology of the situation.	bdl
arctic_a0428	arctic_a0428.wav	It was not exactly a deportation.	bdl
arctic_a0429	arctic_a0429.wav	Quick was the disappointment in his face, yet smiling was the acquiescence.	bdl
arctic_a0430	arctic_a0430.wav	Nevertheless we found ourselves once more in the high seat of abundance.	bdl
arctic_a0431	arctic_a0431.wav	Wada and Nakata were in a bit of a funk.	bdl
arctic_a0432	arctic_a0432.wav	The boy at the wheel lost his head.	bdl
arctic_a0433	arctic_a0433.wav	To her the bridge was tambo, which is the native for taboo.	bdl
arctic_a0434	arctic_a0434.wav	A half a case of tobacco was worth three pounds.	bdl
arctic_a0435	arctic_a0435.wav	What do you mean by this outrageous conduct.	bdl
arctic_a0436	arctic_a0436.wav	But Martin smiled a superior smile.	bdl
arctic_a0437	arctic_a0437.wav	By that answer my professional medical prestige stood or fell.	bdl
arctic_a0438	arctic_a0438.wav	At sea, Monday, March 16, 1908.	bdl
arctic_a0439	arctic_a0439.wav	At sea, Wednesday, March 18, 1908.	bdl
arctic_a0440	arctic_a0440.wav	Yes, sir, I corrected.	bdl
arctic_a0441	arctic_a0441.wav	Violent life and athletic sports had never appealed to me.	bdl
arctic_a0442	arctic_a0442.wav	You live on an income which your father earned.	bdl
arctic_a0443	arctic_a0443.wav	He was worth nothing to the world.	bdl
arctic_a0444	arctic_a0444.wav	Then you don't believe in altruism.	bdl
arctic_a0445	arctic_a0445.wav	The creative joy, I murmured.	bdl
arctic_a0446	arctic_a0446.wav	He deluged me, overwhelmed me with argument.	bdl
arctic_a0447	arctic_a0447.wav	Ah, it is growing dark and darker.	bdl
arctic_a0448	arctic_a0448.wav	I was Hump, cabin boy on the schooner Ghost.	bdl
arctic_a0449	arctic_a0449.wav	A sinewy hand, dripping with water, was clutching the rail.	bdl
arctic_a0450	arctic_a0450.wav	No man ate of the seal meat or the oil.	bdl
arctic_a0451	arctic_a0451.wav	I noticed blood spouting from Kerfoot's left hand.	bdl
arctic_a0452	arctic_a0452.wav	Three oilers and a fourth engineer, was his greeting.	bdl
arctic_a0453	arctic_a0453.wav	Eighteen hundred, he calculated.	bdl
arctic_a0454	arctic_a0454.wav	The sharp voice of Wolf Larsen aroused me.	bdl
arctic_a0455	arctic_a0455.wav	I obeyed, and a minute or two later they stood before him.	bdl
arctic_a0456	arctic_a0456.wav	But it won't continue, she said with easy confidence.	bdl
arctic_a0457	arctic_a0457.wav	What I saw I could not at first believe.	bdl
arctic_a0458	arctic_a0458.wav	The stout wood was crushed like an eggshell.	bdl
arctic_a0459	arctic_a0459.wav	There's too much of the schoolboy in me.	bdl
arctic_a0460	arctic_a0460.wav	I had forgotten their existence.	bdl
arctic_a0461	arctic_a0461.wav	Ah, we were very close together in that moment.	bdl
arctic_a0462	arctic_a0462.wav	But she swung obediently on her heel into the wind.	bdl
arctic_a0463	arctic_a0463.wav	They are his tongue, by which he makes his knowledge articulate.	bdl
arctic_a0464	arctic_a0464.wav	Between the rush of the cascades, streaks of rust showed everywhere.	bdl
arctic_a0465	arctic_a0465.wav	He'll never do a tap of work the whole Voyage.	bdl
arctic_a0466	arctic_a0466.wav	Captain West may be a Samurai, but he is also human.	bdl
arctic_a0467	arctic_a0467.wav	And so early in the voyage, too.	bdl
arctic_a0468	arctic_a0468.wav	In the matter of curry she is a sheer genius.	bdl
arctic_a0469	arctic_a0469.wav	The eastern heavens were equally spectacular.	bdl
arctic_a0470	arctic_a0470.wav	He spat it out like so much venom.	bdl
arctic_a0471	arctic_a0471.wav	I saw Mr Pike nod his head grimly and sarcastically.	bdl
arctic_a0472	arctic_a0472.wav	He is too keenly intelligent, too sharply sensitive, successfully to endure.	bdl
arctic_a0473	arctic_a0473.wav	The night was calm and snowy.	bdl
arctic_a0474	arctic_a0474.wav	I sailed third mate in the little Vampire before you were born.	bdl
arctic_a0475	arctic_a0475.wav	His outstretched arm dropped to his side, and he paused.	bdl
arctic_a0476	arctic_a0476.wav	At this moment I felt a stir at my shoulder.	bdl
arctic_a0477	arctic_a0477.wav	Wada, Louis, and the steward are servants of Asiatic breed.	bdl
arctic_a0478	arctic_a0478.wav	Also, she has forbidden them smoking their pipes in the after-room.	bdl
arctic_a0479	arctic_a0479.wav	I tried to read George Moore last night, and was dreadfully bored.	bdl
arctic_a0480	arctic_a0480.wav	Tom Spink has a harpoon.	bdl
arctic_a0481	arctic_a0481.wav	Nimrod replied, with a slight manifestation of sensitiveness.	bdl
arctic_a0482	arctic_a0482.wav	And their chief virtue lies in that they will never wear out.	bdl
arctic_a0483	arctic_a0483.wav	Beyond dispute, Corry Hutchinson had married Mabel Holmes.	bdl
arctic_a0484	arctic_a0484.wav	No-sir-ee.	bdl
arctic_a0485	arctic_a0485.wav	Each insult added to the value of the claim.	bdl
arctic_a0486	arctic_a0486.wav	For the rest, he was a mere automaton.	bdl
arctic_a0487	arctic_a0487.wav	The river bared its bosom, and snorting steamboats challenged the wilderness.	bdl
arctic_a0488	arctic_a0488.wav	Their love burned with increasing brightness.	bdl
arctic_a0489	arctic_a0489.wav	They were artists, not biologists.	bdl
arctic_a0490	arctic_a0490.wav	Both Johnny and his mother shuffled their feet as they walked.	bdl
arctic_a0491	arctic_a0491.wav	And as in denial of guilt, the one-legged boy replied.	bdl
arctic_a0492	arctic_a0492.wav	Burnt out like the crater of a volcano.	bdl
arctic_a0493	arctic_a0493.wav	The boy, O'Brien, was specially maltreated.	bdl
arctic_a0494	arctic_a0494.wav	O'Brien took off his coat and bared his right arm.	bdl
arctic_a0495	arctic_a0495.wav	He bore no grudges and had few enemies.	bdl
arctic_a0496	arctic_a0496.wav	And Tom King patiently endured.	bdl
arctic_a0497	arctic_a0497.wav	King took every advantage he knew.	bdl
arctic_a0498	arctic_a0498.wav	The lines were now very taut.	bdl
arctic_a0499	arctic_a0499.wav	And right there I saw and knew it all.	bdl
arctic_a0500	arctic_a0500.wav	Who the devil gave it to you to be judge and jury.	bdl
arctic_a0501	arctic_a0501.wav	You're joking me, sir, the other managed to articulate.	bdl
arctic_a0502	arctic_a0502.wav	Anything unusual or abnormal was sufficient to send a fellow to Molokai.	bdl
arctic_a0503	arctic_a0503.wav	His beady black eyes saw bargains where other men saw bankruptcy.	bdl
arctic_a0504	arctic_a0504.wav	He was an athlete and a giant.	bdl
arctic_a0505	arctic_a0505.wav	We fished sharks on Niihau together.	bdl
arctic_a0506	arctic_a0506.wav	The Claudine was leaving next morning for Honolulu.	bdl
arctic_a0508	arctic_a0508.wav	Soon shall it be thrust back from off prostrate humanity.	bdl
arctic_a0509	arctic_a0509.wav	Yet, in accordance with Ernest's test of truth, it worked.	bdl
arctic_a0510	arctic_a0510.wav	Much more Ernest told them of themselves and of his disillusionment.	bdl
arctic_a0511	arctic_a0511.wav	There is more behind this than a mere university ideal.	bdl
arctic_a0512	arctic_a0512.wav	No, it is a palace, wherein there are many servants.	bdl
arctic_a0513	arctic_a0513.wav	We must give ourselves and not our money alone.	bdl
arctic_a0514	arctic_a0514.wav	We are consumed in our own flesh-pots.	bdl
arctic_a0515	arctic_a0515.wav	But here amongst ourselves let us speak out.	bdl
arctic_a0516	arctic_a0516.wav	Also, there was awe in their faces.	bdl
arctic_a0517	arctic_a0517.wav	Out of abstractions Ernest had conjured a vision and made them see it.	bdl
arctic_a0518	arctic_a0518.wav	Illuminating oil was becoming all profit.	bdl
arctic_a0519	arctic_a0519.wav	Such an act was in direct violation of the laws of the land.	bdl
arctic_a0520	arctic_a0520.wav	He was fond of quoting a fragment from a certain poem.	bdl
arctic_a0521	arctic_a0521.wav	Without them he could not run his empire.	bdl
arctic_a0522	arctic_a0522.wav	For such countries nothing remained but reorganization.	bdl
arctic_a0523	arctic_a0523.wav	They could not continue their method of producing surpluses.	bdl
arctic_a0524	arctic_a0524.wav	At once would be instituted a dozen cooperative commonwealth states.	bdl
arctic_a0525	arctic_a0525.wav	The Oligarchy wanted violence, and it set its agents provocateurs to work.	bdl
arctic_a0526	arctic_a0526.wav	Nowhere did the raw earth appear.	bdl
arctic_a0527	arctic_a0527.wav	The lush vegetation of that sheltered spot make a natural shield.	bdl
arctic_a0528	arctic_a0528.wav	Men who endure it, call it living death.	bdl
arctic_a0529	arctic_a0529.wav	As I say, he had tapped the message very rapidly.	bdl
arctic_a0530	arctic_a0530.wav	Ask him, I laughed, then turned to Pasquini.	bdl
arctic_a0531	arctic_a0531.wav	In what bucolic school of fence he had been taught was beyond imagining.	bdl
arctic_a0532	arctic_a0532.wav	May drought destroy your crops.	bdl
arctic_a0533	arctic_a0533.wav	Dunham, can your boy go along with Jesse.	bdl
arctic_a0534	arctic_a0534.wav	But Johannes could, and did.	bdl
arctic_a0535	arctic_a0535.wav	A new preacher and a new doctrine come to Jerusalem.	bdl
arctic_a0536	arctic_a0536.wav	He would destroy all things that are fixed.	bdl
arctic_a0537	arctic_a0537.wav	He was an enthusiast and a desert dweller.	bdl
arctic_a0538	arctic_a0538.wav	What Pascal glimpsed with the vision of a seer, I have lived.	bdl
arctic_a0539	arctic_a0539.wav	I should like to engage just for one whole life in that.	bdl
arctic_a0540	arctic_a0540.wav	Yea, so are all the lesser animals of today clean.	bdl
arctic_a0541	arctic_a0541.wav	The Warden with a quart of champagne.	bdl
arctic_a0542	arctic_a0542.wav	Without a doubt, some of them have dinner engagements.	bdl
arctic_a0543	arctic_a0543.wav	I had been born with no organic, chemical predisposition toward alcohol.	bdl
arctic_a0544	arctic_a0544.wav	He may anticipate the day of his death.	bdl
arctic_a0545	arctic_a0545.wav	The Italian rancho was a bachelor establishment.	bdl
arctic_a0546	arctic_a0546.wav	I lost my balance and pitched head foremost into the ooze.	bdl
arctic_a0547	arctic_a0547.wav	Men like Joe Goose dated existence from drunk to drunk.	bdl
arctic_a0548	arctic_a0548.wav	Also, churches and preachers I had never known.	bdl
arctic_a0549	arctic_a0549.wav	Do you know that we weigh every pound of coal we burn.	bdl
arctic_a0550	arctic_a0550.wav	This also became part of the daily schedule.	bdl
arctic_a0551	arctic_a0551.wav	All an appearance can know is mirage.	bdl
arctic_a0552	arctic_a0552.wav	Yet he dreams he is immortal, I argue feebly.	bdl
arctic_a0553	arctic_a0553.wav	I am writing these lines in Honolulu, Hawaii.	bdl
arctic_a0554	arctic_a0554.wav	Jack London, Waikiki Beach, Honolulu, Oahu.	bdl
arctic_a0555	arctic_a0555.wav	Jerry was so secure in his nook that he did not roll away.	bdl
arctic_a0556	arctic_a0556.wav	Why, he's bought forty pounds of goods from you already.	bdl
arctic_a0557	arctic_a0557.wav	The last refugee had passed.	bdl
arctic_a0558	arctic_a0558.wav	And the foundation stone of service, in his case, was obedience.	bdl
arctic_a0559	arctic_a0559.wav	Peace be unto you and grace before the Lord.	bdl
arctic_a0560	arctic_a0560.wav	His mouth opened; words shaped vainly on his lips.	bdl
arctic_a0561	arctic_a0561.wav	Bill lingered, contemplating his work with artistic appreciation.	bdl
arctic_a0562	arctic_a0562.wav	What the flaming.	bdl
arctic_a0563	arctic_a0563.wav	Mrs McFee's jaws brought together with a snap.	bdl
arctic_a0564	arctic_a0564.wav	Then it is as I said, Womble announced with finality.	bdl
arctic_a0565	arctic_a0565.wav	With them were Indians, also three other men.	bdl
arctic_a0566	arctic_a0566.wav	Dennin's hands were released long enough for him to sign the document.	bdl
arctic_a0567	arctic_a0567.wav	Now Irvine was a man of impulse, a poet.	bdl
arctic_a0568	arctic_a0568.wav	He was just bursting with joy, joy over what.	bdl
arctic_a0569	arctic_a0569.wav	At Lake Linderman I had one canoe, very good Peterborough canoe.	bdl
arctic_a0570	arctic_a0570.wav	Behind him lay the thousand-years-long road across all Siberia and Russia.	bdl
arctic_a0571	arctic_a0571.wav	He had forgotten to build a fire and thaw out.	bdl
arctic_a0572	arctic_a0572.wav	I never saw anything like her in my life.	bdl
arctic_a0573	arctic_a0573.wav	There was no law on the Yukon save what they made for themselves.	bdl
arctic_a0574	arctic_a0574.wav	Good business man, Curly, O'Brien was saying.	bdl
arctic_a0575	arctic_a0575.wav	There weren't any missions, and he was the man to know.	bdl
arctic_a0576	arctic_a0576.wav	And the big Persian knew of his existence before he did of hers.	bdl
arctic_a0577	arctic_a0577.wav	Once the jews harp began emitting its barbaric rhythms, Michael was helpless.	bdl
arctic_a0578	arctic_a0578.wav	But we'll just postpone this.	bdl
arctic_a0579	arctic_a0579.wav	There was the Emma Louisa.	bdl
arctic_a0580	arctic_a0580.wav	This is my fifth voyage.	bdl
arctic_a0581	arctic_a0581.wav	It was this proposition that started the big idea in Daughtry's mind.	bdl
arctic_a0582	arctic_a0582.wav	Daughtry elaborated on the counting trick by bringing Cocky along.	bdl
arctic_a0583	arctic_a0583.wav	Enjoy it he did, but principally for Steward's sake.	bdl
arctic_a0584	arctic_a0584.wav	I have long noted your thirst unquenchable.	bdl
arctic_a0585	arctic_a0585.wav	Wonder if he's a lion dog, Charles suggested.	bdl
arctic_a0586	arctic_a0586.wav	We don't see ourselves as foolish.	bdl
arctic_a0587	arctic_a0587.wav	He had comparatively no advantages at first.	bdl
arctic_a0588	arctic_a0588.wav	He had proved it today, with his amateurish and sophomoric productions.	bdl
arctic_a0589	arctic_a0589.wav	I was sick once -- typhoid.	bdl
arctic_a0590	arctic_a0590.wav	In a way he is my protege.	bdl
arctic_a0591	arctic_a0591.wav	We are both children together.	bdl
arctic_a0592	arctic_a0592.wav	It's only his indigestion I find fault with.	bdl
arctic_a0593	arctic_a0593.wav	She'd make a good wife for the cashier.	bdl
arctic_b0001	arctic_b0001.wav	Gad, do I remember it.	bdl
arctic_b0002	arctic_b0002.wav	You got out by fighting, and I through a pretty girl.	bdl
arctic_b0003	arctic_b0003.wav	I can see that knife now.	bdl
arctic_b0004	arctic_b0004.wav	When I can't see beauty in woman I want to die.	bdl
arctic_b0005	arctic_b0005.wav	His slim fingers closed like steel about Philip's.	bdl
arctic_b0006	arctic_b0006.wav	He seized Gregson by the arm and led him to the door.	bdl
arctic_b0007	arctic_b0007.wav	Hear the Indian dogs wailing down at Churchill.	bdl
arctic_b0008	arctic_b0008.wav	Burke himself had criticized it because of the smile.	bdl
arctic_b0009	arctic_b0009.wav	I'd say there was going to be a glorious scrap.	bdl
arctic_b0010	arctic_b0010.wav	He turned the map to Gregson, pointing with his finger.	bdl
arctic_b0011	arctic_b0011.wav	His eyes never took themselves for an instant from his companion's face.	bdl
arctic_b0012	arctic_b0012.wav	Something that Whittemore had not yet said thrilled him.	bdl
arctic_b0013	arctic_b0013.wav	Lakes and rivers, hundreds of them, thousands of them.	bdl
arctic_b0014	arctic_b0014.wav	Whitefish, Gregson, whitefish and trout.	bdl
arctic_b0015	arctic_b0015.wav	They robbed me a few years later.	bdl
arctic_b0016	arctic_b0016.wav	He chuckled as he pulled out his pipe and began filling it.	bdl
arctic_b0017	arctic_b0017.wav	Everything was working smoothly, better than I had expected.	bdl
arctic_b0018	arctic_b0018.wav	I was completely lost in my work.	bdl
arctic_b0019	arctic_b0019.wav	His slim hands gripped the edges of the table.	bdl
arctic_b0020	arctic_b0020.wav	He made no reply as he waited for Whittemore to continue.	bdl
arctic_b0021	arctic_b0021.wav	Philip dropped back into his chair.	bdl
arctic_b0022	arctic_b0022.wav	If I was out of the game it would be easily made.	bdl
arctic_b0023	arctic_b0023.wav	MacDougall, my engineer, believes it.	bdl
arctic_b0024	arctic_b0024.wav	It is growing, every day, every hour.	bdl
arctic_b0025	arctic_b0025.wav	Now, you understand.	bdl
arctic_b0026	arctic_b0026.wav	You have associated with some of these men.	bdl
arctic_b0027	arctic_b0027.wav	And there's no chivalry, no quarter shown in this fight.	bdl
arctic_b0028	arctic_b0028.wav	Lord Fitzhugh is the key to the whole situation.	bdl
arctic_b0029	arctic_b0029.wav	All operations have been carried on from Montreal and Toronto.	bdl
arctic_b0030	arctic_b0030.wav	Gregson held a lighted match until it burnt his fingertips.	bdl
arctic_b0031	arctic_b0031.wav	Gregson had seated himself under the lamp and was sharpening a pencil.	bdl
arctic_b0032	arctic_b0032.wav	He caught himself with a jerk.	bdl
arctic_b0033	arctic_b0033.wav	How does your wager look now.	bdl
arctic_b0034	arctic_b0034.wav	He confessed that the sketch had startled him.	bdl
arctic_b0035	arctic_b0035.wav	After all, the picture was only a resemblance.	bdl
arctic_b0036	arctic_b0036.wav	He wondered, too, where Roscoe was.	bdl
arctic_b0037	arctic_b0037.wav	Philip knew that she was not an Indian.	bdl
arctic_b0038	arctic_b0038.wav	In her haste to get away she had forgotten these things.	bdl
arctic_b0039	arctic_b0039.wav	Philip took a step toward Gregson, half determined to awaken him.	bdl
arctic_b0040	arctic_b0040.wav	The thought set his blood tingling.	bdl
arctic_b0041	arctic_b0041.wav	But if Pierre did not return, until tomorrow.	bdl
arctic_b0042	arctic_b0042.wav	Ten minutes had not elapsed since he had dropped the handkerchief.	bdl
arctic_b0043	arctic_b0043.wav	It won't be for sale.	bdl
arctic_b0044	arctic_b0044.wav	For a few moments he ate in silence.	bdl
arctic_b0045	arctic_b0045.wav	Philip did not pursue the subject.	bdl
arctic_b0046	arctic_b0046.wav	Philip produced a couple of cigars and took a chair opposite him.	bdl
arctic_b0047	arctic_b0047.wav	Suppose you saw me at work through the window.	bdl
arctic_b0048	arctic_b0048.wav	He looked like one who had passed through an uncomfortable hour or two.	bdl
arctic_b0049	arctic_b0049.wav	There was nothing more, except a large ink blot under the words.	bdl
arctic_b0050	arctic_b0050.wav	All this day Gregson remained in the cabin.	bdl
arctic_b0051	arctic_b0051.wav	The sixth day he spent in the cabin with Gregson.	bdl
arctic_b0052	arctic_b0052.wav	The flush was gone from her face.	bdl
arctic_b0053	arctic_b0053.wav	That is why I am, am rattled, he laughed.	bdl
arctic_b0054	arctic_b0054.wav	He understood the meaning of the look.	bdl
arctic_b0055	arctic_b0055.wav	She was even more beautiful than when I saw her, before.	bdl
arctic_b0056	arctic_b0056.wav	I'll give a thousand if you produce her, retorted Gregson.	bdl
arctic_b0057	arctic_b0057.wav	They have won popular sentiment through the newspapers.	bdl
arctic_b0058	arctic_b0058.wav	We must achieve our own salvation.	bdl
arctic_b0059	arctic_b0059.wav	In moments of mental energy Philip was restless.	bdl
arctic_b0060	arctic_b0060.wav	He would keep his faith with Gregson for the promised day or two.	bdl
arctic_b0061	arctic_b0061.wav	Something about it seemed to fascinate him, to challenge his presence.	bdl
arctic_b0062	arctic_b0062.wav	Now it was missing from the wall.	bdl
arctic_b0063	arctic_b0063.wav	He boiled himself some coffee and sat down to wait.	bdl
arctic_b0064	arctic_b0064.wav	I'm going down there with you, and I'm going to fight.	bdl
arctic_b0065	arctic_b0065.wav	Now have you got anything to say against me, Mr Philip.	bdl
arctic_b0066	arctic_b0066.wav	If I meet her again I shall apologize, said Eileen.	bdl
arctic_b0067	arctic_b0067.wav	Below him the shadow was broken into a pool of rippling starlight.	bdl
arctic_b0068	arctic_b0068.wav	Only the chance sound had led him to observe them.	bdl
arctic_b0069	arctic_b0069.wav	Could the incident have anything to do with Jeanne and Pierre.	bdl
arctic_b0070	arctic_b0070.wav	There was no chance to fire without hitting him.	bdl
arctic_b0071	arctic_b0071.wav	There was no answer from the other side.	bdl
arctic_b0072	arctic_b0072.wav	Then he hastened on, as Pierre had guided him.	bdl
arctic_b0073	arctic_b0073.wav	With these arguments he convinced himself that he should go on alone.	bdl
arctic_b0074	arctic_b0074.wav	Yet, behind them there was another and more powerful motive.	bdl
arctic_b0075	arctic_b0075.wav	In that case he could not miss them, if he used caution.	bdl
arctic_b0076	arctic_b0076.wav	Before Philip could recover himself Jeanne's startled guards were upon him.	bdl
arctic_b0077	arctic_b0077.wav	It is the nearest refuge.	bdl
arctic_b0078	arctic_b0078.wav	There was pride and strength, the ring of triumph in his voice.	bdl
arctic_b0079	arctic_b0079.wav	The truth of it set Jeanne quivering.	bdl
arctic_b0080	arctic_b0080.wav	Tomorrow it will be strong enough for you to stand upon.	bdl
arctic_b0081	arctic_b0081.wav	You were going to leave after you saw me on the rock.	bdl
arctic_b0082	arctic_b0082.wav	He bit his tongue, and cursed himself at this fresh break.	bdl
arctic_b0083	arctic_b0083.wav	In it there was something that was almost tragedy.	bdl
arctic_b0084	arctic_b0084.wav	Your face is red with blood.	bdl
arctic_b0085	arctic_b0085.wav	Her eyes smiled truth at him as he came up the bank.	bdl
arctic_b0086	arctic_b0086.wav	He can care for himself.	bdl
arctic_b0087	arctic_b0087.wav	They will search for us between their camp and Churchill.	bdl
arctic_b0088	arctic_b0088.wav	Until I die, he exclaimed.	bdl
arctic_b0089	arctic_b0089.wav	Her beautiful hair was done up in shining coils.	bdl
arctic_b0090	arctic_b0090.wav	The Churchill narrowed and its current became swifter as they progressed.	bdl
arctic_b0091	arctic_b0091.wav	For a full half minute Jeanne looked at him without speaking.	bdl
arctic_b0092	arctic_b0092.wav	I want to die in it.	bdl
arctic_b0093	arctic_b0093.wav	Darkness hid him from Jeanne.	bdl
arctic_b0094	arctic_b0094.wav	And yet if she came he had no words to say.	bdl
arctic_b0095	arctic_b0095.wav	He heard a sound which brought him quickly into consciousness of day.	bdl
arctic_b0096	arctic_b0096.wav	Within himself he called it no longer his own.	bdl
arctic_b0097	arctic_b0097.wav	Besides, that noise makes me deaf.	bdl
arctic_b0098	arctic_b0098.wav	Philip looked back from the crest and saw Jeanne leaning over the canoe.	bdl
arctic_b0099	arctic_b0099.wav	Fifty yards ahead of her were the first of the rocks.	bdl
arctic_b0100	arctic_b0100.wav	There was one chance, and only one, of saving Jeanne.	bdl
arctic_b0101	arctic_b0101.wav	You're a devil for fighting, and will surely win.	bdl
arctic_b0102	arctic_b0102.wav	I'll only be in the way.	bdl
arctic_b0103	arctic_b0103.wav	He lifted his eyes, and a strange cry burst from his lips.	bdl
arctic_b0104	arctic_b0104.wav	Shooting pains passed like flashes of electricity through his body.	bdl
arctic_b0105	arctic_b0105.wav	I know that you are in charge there, and Jeanne knows.	bdl
arctic_b0106	arctic_b0106.wav	For a full minute the two men stared into each other's face.	bdl
arctic_b0107	arctic_b0107.wav	He was sure, now, of but few things.	bdl
arctic_b0108	arctic_b0108.wav	It was a miracle, and I owe you my life.	bdl
arctic_b0109	arctic_b0109.wav	Philip ate lightly of the food which Pierre had ready for him.	bdl
arctic_b0110	arctic_b0110.wav	Such men believe, when they come together.	bdl
arctic_b0111	arctic_b0111.wav	The journey was continued at dawn.	bdl
arctic_b0112	arctic_b0112.wav	Jeanne and Pierre both gazed toward the great rock.	bdl
arctic_b0113	arctic_b0113.wav	There was something pathetic in the girl's attitude now.	bdl
arctic_b0114	arctic_b0114.wav	He moved his position, and the illusion was gone.	bdl
arctic_b0115	arctic_b0115.wav	For two hours not a word passed between them.	bdl
arctic_b0116	arctic_b0116.wav	I have hunted along this ridge, replied Philip.	bdl
arctic_b0117	arctic_b0117.wav	That's Thorpe's, said the young engineer.	bdl
arctic_b0118	arctic_b0118.wav	We saw your light, and thought you wouldn't mind a call.	bdl
arctic_b0119	arctic_b0119.wav	Billinger may arrive in time.	bdl
arctic_b0120	arctic_b0120.wav	There's the hitch, replied Thorpe, rolling a cigarette.	bdl
arctic_b0121	arctic_b0121.wav	I want my men to work by themselves.	bdl
arctic_b0122	arctic_b0122.wav	Philip saw MacDougall soon after his short talk with Thorpe.	bdl
arctic_b0123	arctic_b0123.wav	Neither could they understand the growing disaffection among Thorpe's men.	bdl
arctic_b0124	arctic_b0124.wav	Two weeks passed, and in that time Thorpe left camp three times.	bdl
arctic_b0125	arctic_b0125.wav	It was the third or fourth time that Philip had heard MacDougall swear.	bdl
arctic_b0126	arctic_b0126.wav	Blood was oozing slowly from the wounded man's right breast.	bdl
arctic_b0127	arctic_b0127.wav	He destroyed everything that had belonged to the woman.	bdl
arctic_b0128	arctic_b0128.wav	Philip bent low over Pierre.	bdl
arctic_b0129	arctic_b0129.wav	Did Thorpe go to see any one in Churchill.	bdl
arctic_b0130	arctic_b0130.wav	She saw the answer in his face.	bdl
arctic_b0131	arctic_b0131.wav	Thorpe and his men were to destroy this camp, and kill you.	bdl
arctic_b0132	arctic_b0132.wav	There is no need of further detail, now -- for you can understand.	bdl
arctic_b0133	arctic_b0133.wav	There followed a roar that shook the earth.	bdl
arctic_b0134	arctic_b0134.wav	Blind with rage, he darted in.	bdl
arctic_b0135	arctic_b0135.wav	In it was the joy of life.	bdl
arctic_b0136	arctic_b0136.wav	Swiftly his eyes measured the situation.	bdl
arctic_b0137	arctic_b0137.wav	But this little defect did not worry him.	bdl
arctic_b0138	arctic_b0138.wav	And then, steadily, he began to chew.	bdl
arctic_b0139	arctic_b0139.wav	Together they ate the rabbit.	bdl
arctic_b0140	arctic_b0140.wav	They edged nearer, and stood shoulder to shoulder facing their world.	bdl
arctic_b0141	arctic_b0141.wav	It was beating and waiting in the ambush of those black pits.	bdl
arctic_b0142	arctic_b0142.wav	Something vastly more thrilling had come into it now.	bdl
arctic_b0143	arctic_b0143.wav	It took him half an hour to reach the edge of it.	bdl
arctic_b0144	arctic_b0144.wav	But there was no longer the mother yearning in his heart.	bdl
arctic_b0145	arctic_b0145.wav	Besides, had he not whipped the big owl in the forest.	bdl
arctic_b0146	arctic_b0146.wav	After all, it was simply a mistake in judgment.	bdl
arctic_b0147	arctic_b0147.wav	Had it struck squarely it would have killed him.	bdl
arctic_b0148	arctic_b0148.wav	The Indian even poked his stick into the thick ground spruce.	bdl
arctic_b0149	arctic_b0149.wav	Pebbles and dirt flew along with hair and fur.	bdl
arctic_b0150	arctic_b0150.wav	And he was filled with a strange and foreboding fear.	bdl
arctic_b0151	arctic_b0151.wav	It was steel, a fisher trap.	bdl
arctic_b0152	arctic_b0152.wav	OW, a wild dog, he growled.	bdl
arctic_b0153	arctic_b0153.wav	He was a pariah; a wanderer without a friend or a home.	bdl
arctic_b0154	arctic_b0154.wav	That is the strange part of it.	bdl
arctic_b0155	arctic_b0155.wav	His freshly caught furs he flung to the floor.	bdl
arctic_b0156	arctic_b0156.wav	For that reason Le Beau had chosen him to fight the big fight.	bdl
arctic_b0157	arctic_b0157.wav	In the crib the baby sat up and began to prattle.	bdl
arctic_b0158	arctic_b0158.wav	She obeyed, shrinking back with the baby in her arms.	bdl
arctic_b0159	arctic_b0159.wav	His teeth shut with a last click.	bdl
arctic_b0160	arctic_b0160.wav	It was over when he made his way through the ring of spectators.	bdl
arctic_b0161	arctic_b0161.wav	In a flash he was on his feet, facing him.	bdl
arctic_b0162	arctic_b0162.wav	He thought he saw a shudder pass through the Factor's shoulders.	bdl
arctic_b0163	arctic_b0163.wav	The moon had already begun its westward decline.	bdl
arctic_b0164	arctic_b0164.wav	They laughed like two happy children.	bdl
arctic_b0165	arctic_b0165.wav	He pulled, and the log crashed down to break his back.	bdl
arctic_b0166	arctic_b0166.wav	Fast, but endure.	bdl
arctic_b0167	arctic_b0167.wav	A little before dawn of the day following, the fire relief came.	bdl
arctic_b0168	arctic_b0168.wav	The Indian felt the worship of her warm in his heart.	bdl
arctic_b0169	arctic_b0169.wav	He drew in a deep breath as he looked at them.	bdl
arctic_b0170	arctic_b0170.wav	Then he shouted, Shut up.	bdl
arctic_b0171	arctic_b0171.wav	He changed his seat for a steamer reclining chair.	bdl
arctic_b0172	arctic_b0172.wav	On the far corner of the compound fence a hawk brooded.	bdl
arctic_b0173	arctic_b0173.wav	To these he gave castor oil.	bdl
arctic_b0174	arctic_b0174.wav	Hatred and murder and lust for revenge they possessed to overflowing.	bdl
arctic_b0175	arctic_b0175.wav	Sheldon glanced at the thermometer.	bdl
arctic_b0176	arctic_b0176.wav	I'll see to poor Hughie.	bdl
arctic_b0177	arctic_b0177.wav	Her gray eyes were flashing, and her lips were quivering.	bdl
arctic_b0178	arctic_b0178.wav	Also, I want information.	bdl
arctic_b0179	arctic_b0179.wav	Let them go out and eat with my boys.	bdl
arctic_b0180	arctic_b0180.wav	I, I beg pardon, he drawled.	bdl
arctic_b0181	arctic_b0181.wav	And you preferred a cannibal isle and a cartridge belt.	bdl
arctic_b0182	arctic_b0182.wav	I was in New York when the crash came.	bdl
arctic_b0183	arctic_b0183.wav	No, I did not fall among thieves.	bdl
arctic_b0184	arctic_b0184.wav	Such things in her brain were like so many oaths on her lips.	bdl
arctic_b0185	arctic_b0185.wav	Your being wrecked here has been a godsend to me.	bdl
arctic_b0186	arctic_b0186.wav	I can't go elsewhere, by your own account.	bdl
arctic_b0187	arctic_b0187.wav	Her achievements with cocoanuts were a revelation.	bdl
arctic_b0188	arctic_b0188.wav	He glanced down at her helplessly, and moistened his lips.	bdl
arctic_b0189	arctic_b0189.wav	That is what distinguishes all of us from the lower animals.	bdl
arctic_b0190	arctic_b0190.wav	Idealism led him to philosophic anarchy, and his family threw him off.	bdl
arctic_b0191	arctic_b0191.wav	He also contended that better confidence was established by carrying no weapons.	bdl
arctic_b0192	arctic_b0192.wav	Outsiders are allowed five minute speeches, the sick man urged.	bdl
arctic_b0193	arctic_b0193.wav	So was Packard's finish suicide.	bdl
arctic_b0194	arctic_b0194.wav	Joan cried, with shining eyes.	bdl
arctic_b0195	arctic_b0195.wav	Nobody knows how the natives got them.	bdl
arctic_b0196	arctic_b0196.wav	How can you manage all alone, Mr Young.	bdl
arctic_b0197	arctic_b0197.wav	The planters are already considering the matter.	bdl
arctic_b0198	arctic_b0198.wav	I use great trouble advisedly.	bdl
arctic_b0199	arctic_b0199.wav	Dear Sir, Your second victim has fallen on schedule time.	bdl
arctic_b0200	arctic_b0200.wav	We leave the eventuality to time and law.	bdl
arctic_b0201	arctic_b0201.wav	I also understand that similar branch organizations have made their appearance in Europe.	bdl
arctic_b0202	arctic_b0202.wav	Society is shaken to its foundations.	bdl
arctic_b0203	arctic_b0203.wav	A month in Australia would finish me.	bdl
arctic_b0204	arctic_b0204.wav	Down through the perfume weighted air fluttered the snowy fluffs of the cottonwoods.	bdl
arctic_b0205	arctic_b0205.wav	You were destroying my life.	bdl
arctic_b0206	arctic_b0206.wav	Horses and rifles had been her toys, camp and trail her nursery.	bdl
arctic_b0207	arctic_b0207.wav	I'm as good as a man, she urged.	bdl
arctic_b0208	arctic_b0208.wav	You read the quotations in today's paper.	bdl
arctic_b0209	arctic_b0209.wav	He's terribly touchy about his black wards, as he calls them.	bdl
arctic_b0210	arctic_b0210.wav	Whatever he guessed he locked away in the taboo room of Naomi.	bdl
arctic_b0211	arctic_b0211.wav	This is eighteen eighty.	bdl
arctic_b0212	arctic_b0212.wav	Death is and has been ever since old Maui died.	bdl
arctic_b0213	arctic_b0213.wav	Some boy, she laughed acquiescence.	bdl
arctic_b0214	arctic_b0214.wav	Let us talk it over and find a way out.	bdl
arctic_b0215	arctic_b0215.wav	It is a good property, and worth more than that.	bdl
arctic_b0216	arctic_b0216.wav	I wish you were more adaptable, Joan retorted.	bdl
arctic_b0217	arctic_b0217.wav	Such is my passage engaged on the steamer.	bdl
arctic_b0218	arctic_b0218.wav	The issue was not in doubt.	bdl
arctic_b0219	arctic_b0219.wav	Well, there are better men in Hawaii, that's all.	bdl
arctic_b0220	arctic_b0220.wav	Harry Bancroft, Dave lied.	bdl
arctic_b0221	arctic_b0221.wav	It's a Yankee, Joan cried.	bdl
arctic_b0222	arctic_b0222.wav	He was the leader, and Tudor was his lieutenant.	bdl
arctic_b0223	arctic_b0223.wav	They likewise are disinclined to being eaten.	bdl
arctic_b0224	arctic_b0224.wav	But to culture the Revolution thus far had exhausted the Junta.	bdl
arctic_b0225	arctic_b0225.wav	The President of the United States was his friend.	bdl
arctic_b0226	arctic_b0226.wav	Your face was the personification of duplicity.	bdl
arctic_b0227	arctic_b0227.wav	Shorty turned to their employers.	bdl
arctic_b0228	arctic_b0228.wav	You were engaged.	bdl
arctic_b0229	arctic_b0229.wav	I saw it all myself, and it was splendid.	bdl
arctic_b0230	arctic_b0230.wav	Now run along, and tell them to hurry.	bdl
arctic_b0231	arctic_b0231.wav	What's that grub-thief got to do with it.	bdl
arctic_b0232	arctic_b0232.wav	It was a superb picture.	bdl
arctic_b0233	arctic_b0233.wav	So she said, the irate skipper dashed on.	bdl
arctic_b0234	arctic_b0234.wav	And watch out for wet feet, was his parting advice.	bdl
arctic_b0235	arctic_b0235.wav	Raoul yelled, in order to make himself heard.	bdl
arctic_b0236	arctic_b0236.wav	Oolong was two hundred and fifty miles from the nearest land.	bdl
arctic_b0237	arctic_b0237.wav	They just lay off in the bush and plugged away.	bdl
arctic_b0238	arctic_b0238.wav	The very thought of the effort to swim over was nauseating.	bdl
arctic_b0239	arctic_b0239.wav	And there was a dog that barked.	bdl
arctic_b0240	arctic_b0240.wav	There are four, all low, McCoy answered.	bdl
arctic_b0241	arctic_b0241.wav	The women they carried away with them to the Big Valley.	bdl
arctic_b0242	arctic_b0242.wav	The Japanese understood as we could never school ourselves or hope to understand.	bdl
arctic_b0243	arctic_b0243.wav	They had been on the same lay as ourselves.	bdl
arctic_b0244	arctic_b0244.wav	You are positively soulless, he said savagely.	bdl
arctic_b0245	arctic_b0245.wav	Harrison is still my chauffeur.	bdl
arctic_b0246	arctic_b0246.wav	The boy grew and prospered.	bdl
arctic_b0247	arctic_b0247.wav	He wanted to give the finish to this foe already so far gone.	bdl
arctic_b0248	arctic_b0248.wav	Exciting times are the lot of the fish patrol.	bdl
arctic_b0249	arctic_b0249.wav	I know they are my oysters.	bdl
arctic_b0250	arctic_b0250.wav	By this time Charley was as enraged as the Greek.	bdl
arctic_b0251	arctic_b0251.wav	They must have been swept away by the chaotic currents.	bdl
arctic_b0252	arctic_b0252.wav	It resembled tea less than lager beer resembles champagne.	bdl
arctic_b0253	arctic_b0253.wav	The very opposite is true; they are discouraged vagabonds.	bdl
arctic_b0254	arctic_b0254.wav	At the same time spears and arrows began to fall among the invaders.	bdl
arctic_b0255	arctic_b0255.wav	Then, again, Tudor had such an irritating way about him.	bdl
arctic_b0256	arctic_b0256.wav	Outwardly, he maintained a calm and smiling aspect.	bdl
arctic_b0257	arctic_b0257.wav	Tudor surveyed him with withering disgust.	bdl
arctic_b0258	arctic_b0258.wav	You fired me out of your house, in short.	bdl
arctic_b0259	arctic_b0259.wav	Her mouth opened, but instead of speaking she drew a long sigh.	bdl
arctic_b0260	arctic_b0260.wav	It's worth eight dollars.	bdl
arctic_b0261	arctic_b0261.wav	And he did hurt my arm.	bdl
arctic_b0262	arctic_b0262.wav	Saxon's onto her job.	bdl
arctic_b0263	arctic_b0263.wav	Only once did I confide the strangeness of it all to another.	bdl
arctic_b0264	arctic_b0264.wav	But this time it was Saxon who rebelled.	bdl
arctic_b0265	arctic_b0265.wav	I was not to cry out in the face of fear.	bdl
arctic_b0266	arctic_b0266.wav	And now put yourself in my place for a moment.	bdl
arctic_b0267	arctic_b0267.wav	The boy threw back his head with pride.	bdl
arctic_b0268	arctic_b0268.wav	Saxon nodded, and the boy frowned.	bdl
arctic_b0269	arctic_b0269.wav	Why not like any railroad station or ferry depot.	bdl
arctic_b0270	arctic_b0270.wav	We could throw stones with our feet.	bdl
arctic_b0271	arctic_b0271.wav	It was put together in a casual, helter-skelter sort of way.	bdl
arctic_b0272	arctic_b0272.wav	These were merely stout sticks an inch or so in diameter.	bdl
arctic_b0273	arctic_b0273.wav	Then it was that a strange thing happened.	bdl
arctic_b0274	arctic_b0274.wav	From the source of light a harsh voice said.	bdl
arctic_b0275	arctic_b0275.wav	But I did not enjoy it long.	bdl
arctic_b0276	arctic_b0276.wav	We were now good friends.	bdl
arctic_b0277	arctic_b0277.wav	Two of the Folk were already up.	bdl
arctic_b0278	arctic_b0278.wav	Now animals do not like mockery.	bdl
arctic_b0279	arctic_b0279.wav	He gave one last snarl and slid from view among the trees.	bdl
arctic_b0280	arctic_b0280.wav	Again the girls applauded, and Mrs Hall cried.	bdl
arctic_b0281	arctic_b0281.wav	Just the same I'd sooner be myself than have book indigestion.	bdl
arctic_b0282	arctic_b0282.wav	Some of the smaller veins had doubtless been ruptured.	bdl
arctic_b0283	arctic_b0283.wav	But we were without this momentum.	bdl
arctic_b0284	arctic_b0284.wav	There was one difficulty, however.	bdl
arctic_b0285	arctic_b0285.wav	The hyena proceeded to dine.	bdl
arctic_b0286	arctic_b0286.wav	The time was considered auspicious.	bdl
arctic_b0287	arctic_b0287.wav	Or have they already devised one.	bdl
arctic_b0288	arctic_b0288.wav	We would not spend another such night.	bdl
arctic_b0289	arctic_b0289.wav	At first his progress was slow and erratic.	bdl
arctic_b0290	arctic_b0290.wav	He placed his paw on one, and its movements were accelerated.	bdl
arctic_b0291	arctic_b0291.wav	The awe of man rushed over him again.	bdl
arctic_b0292	arctic_b0292.wav	The Fire-Men wore animal skins around their waists and across their shoulders.	bdl
arctic_b0293	arctic_b0293.wav	Between him and all domestic animals there must be no hostilities.	bdl
arctic_b0294	arctic_b0294.wav	For a much longer time Lop-Ear and I remained and watched.	bdl
arctic_b0295	arctic_b0295.wav	All right, Sir, replied Jock with great regret.	bdl
arctic_b0296	arctic_b0296.wav	At times I wondered where Sir Archibald got his style.	bdl
arctic_b0297	arctic_b0297.wav	Why should a fellow throw up the sponge after the first round.	bdl
arctic_b0298	arctic_b0298.wav	His hand shot out and clutched Crooked-Leg by the neck.	bdl
arctic_b0299	arctic_b0299.wav	Miss Brodie's smile was slightly sarcastic.	bdl
arctic_b0300	arctic_b0300.wav	Does the old boy often go off at half-cock that way.	bdl
arctic_b0301	arctic_b0301.wav	A flying arrow passed between us.	bdl
arctic_b0302	arctic_b0302.wav	I pulled, suddenly, with all my might.	bdl
arctic_b0303	arctic_b0303.wav	Here we allow our solicitors to look after our legal work.	bdl
arctic_b0304	arctic_b0304.wav	His previous wives had never lived long enough to bear him children.	bdl
arctic_b0305	arctic_b0305.wav	It was our river emerging like ourselves from the great swamp.	bdl
arctic_b0306	arctic_b0306.wav	Cameron looked at his hands with their long, sinewy fingers.	bdl
arctic_b0307	arctic_b0307.wav	We got few vegetables and fruits, and became fish eaters.	bdl
arctic_b0308	arctic_b0308.wav	We never made another migration.	bdl
arctic_b0309	arctic_b0309.wav	Nor was Elam Harnish an exception.	bdl
arctic_b0310	arctic_b0310.wav	A little treatment, massage, with some help from the doctor.	bdl
arctic_b0311	arctic_b0311.wav	The 29th very foggy.	bdl
arctic_b0312	arctic_b0312.wav	Dig in; you're sure good, was Daylight's answer.	bdl
arctic_b0313	arctic_b0313.wav	The apron string loomed near and he shied like an unbroken colt.	bdl
arctic_b0314	arctic_b0314.wav	He had been born with this endowment.	bdl
arctic_b0315	arctic_b0315.wav	And this was their sole conversation throughout the meal.	bdl
arctic_b0316	arctic_b0316.wav	Though the aurora still flamed, another day had begun.	bdl
arctic_b0317	arctic_b0317.wav	He did not believe in the burning of daylight for such a luxury.	bdl
arctic_b0318	arctic_b0318.wav	Again he had done the big thing.	bdl
arctic_b0319	arctic_b0319.wav	Daylight was tired, profoundly tired.	bdl
arctic_b0320	arctic_b0320.wav	The regret in his voice was provocative of a second burst of laughter.	bdl
arctic_b0321	arctic_b0321.wav	Instead, he arrived on the night of the second day.	bdl
arctic_b0322	arctic_b0322.wav	Their supply of grub was gone.	bdl
arctic_b0323	arctic_b0323.wav	Crickets began to chirp, and more geese and ducks flew overhead.	bdl
arctic_b0324	arctic_b0324.wav	Not till the twentieth of May did the river break.	bdl
arctic_b0325	arctic_b0325.wav	It was a gigantic inadequacy.	bdl
arctic_b0326	arctic_b0326.wav	Our Mr Howison will call upon you at your hotel.	bdl
arctic_b0327	arctic_b0327.wav	He had been so easy.	bdl
arctic_b0328	arctic_b0328.wav	Change chairs, Daylight commanded.	bdl
arctic_b0329	arctic_b0329.wav	I'd sooner have my chips back.	bdl
arctic_b0330	arctic_b0330.wav	They only had a little thirty thousand dollar fire.	bdl
arctic_b0331	arctic_b0331.wav	His partners had starved and died on the Stewart.	bdl
arctic_b0332	arctic_b0332.wav	As to how she dressed, he had no ideas at all.	bdl
arctic_b0333	arctic_b0333.wav	It does, was her audacious answer.	bdl
arctic_b0334	arctic_b0334.wav	Oh, it's just a novel, a love story.	bdl
arctic_b0335	arctic_b0335.wav	Whoever lived on the ranch did that.	bdl
arctic_b0336	arctic_b0336.wav	How old are you, mother.	bdl
arctic_b0337	arctic_b0337.wav	Here he got a fresh thrill.	bdl
arctic_b0338	arctic_b0338.wav	It was unobtrusive, yet it was there.	bdl
arctic_b0339	arctic_b0339.wav	Well, I'll be plumb gosh darned.	bdl
arctic_b0340	arctic_b0340.wav	These quick little joys of hers were sources of joy to him.	bdl
arctic_b0341	arctic_b0341.wav	I play that choice wide open to win.	bdl
arctic_b0342	arctic_b0342.wav	Each improvement makes the value of everything else pump up.	bdl
arctic_b0343	arctic_b0343.wav	But how are you going to do it.	bdl
arctic_b0344	arctic_b0344.wav	Lots of men take women buggy riding.	bdl
arctic_b0345	arctic_b0345.wav	Daylight made no answer, and the door closed behind him.	bdl
arctic_b0346	arctic_b0346.wav	There's not an iota of truth in it.	bdl
arctic_b0347	arctic_b0347.wav	But ever his gaze returned to that Crouched Venus on the piano.	bdl
arctic_b0348	arctic_b0348.wav	Would you be satisfied with that one hundredth part of me.	bdl
arctic_b0349	arctic_b0349.wav	In such a tumbling of values was no time to sell.	bdl
arctic_b0350	arctic_b0350.wav	Stand off butcher and baker and all the rest.	bdl
arctic_b0351	arctic_b0351.wav	Matthewson, who's this bookkeeper, Rogers.	bdl
arctic_b0352	arctic_b0352.wav	Now just what do you want to know.	bdl
arctic_b0353	arctic_b0353.wav	I want to know how all this is possible.	bdl
arctic_b0354	arctic_b0354.wav	It's that much junk.	bdl
arctic_b0355	arctic_b0355.wav	There was proper division of labor in the work they individually performed.	bdl
arctic_b0356	arctic_b0356.wav	He loved to play Chinese lottery.	bdl
arctic_b0357	arctic_b0357.wav	The Law of Club and Fang	bdl
arctic_b0358	arctic_b0358.wav	The temperature dropped to fifty below zero and remained there the whole trip.	bdl
arctic_b0359	arctic_b0359.wav	And as never before, he was ready to obey.	bdl
arctic_b0360	arctic_b0360.wav	This state of mind comes of an undue prominence of the ego.	bdl
arctic_b0361	arctic_b0361.wav	There are the canals of China, and the Yang-tse River.	bdl
arctic_b0362	arctic_b0362.wav	We threaten to be of the one mind before the voyage is completed.	bdl
arctic_b0363	arctic_b0363.wav	She was built primarily to sail.	bdl
arctic_b0364	arctic_b0364.wav	In the Bohemian Club of San Francisco there are some crack sailors.	bdl
arctic_b0365	arctic_b0365.wav	My age, in years, is twenty two.	bdl
arctic_b0366	arctic_b0366.wav	I forgot how easily I had taught myself from the printed page.	bdl
arctic_b0367	arctic_b0367.wav	Any average young fellow can teach himself in a week.	bdl
arctic_b0368	arctic_b0368.wav	Please do not think that I already know it all.	bdl
arctic_b0369	arctic_b0369.wav	You see, we were teaching ourselves.	bdl
arctic_b0370	arctic_b0370.wav	And now behold the perversity of things.	bdl
arctic_b0371	arctic_b0371.wav	Yield yourself to the waters that are ripping and tearing at you.	bdl
arctic_b0372	arctic_b0372.wav	Mr McVeigh told me about him.	bdl
arctic_b0373	arctic_b0373.wav	Unlike Joshua, he stood in no need of divine assistance.	bdl
arctic_b0374	arctic_b0374.wav	To say the least, Captain Cook was a rather thorough going empiricist.	bdl
arctic_b0375	arctic_b0375.wav	Man could not conquer them.	bdl
arctic_b0376	arctic_b0376.wav	Thought I, and a worthy fool he proved.	bdl
arctic_b0377	arctic_b0377.wav	A scarlet loincloth completed his costume.	bdl
arctic_b0378	arctic_b0378.wav	I like to speculate upon the glorious future of man.	bdl
arctic_b0379	arctic_b0379.wav	Christmas is an easy problem compared with a Polynesian giving-feast.	bdl
arctic_b0380	arctic_b0380.wav	He had peeled off his shirt and was wildly waving it.	bdl
arctic_b0381	arctic_b0381.wav	And how would we ever find ourselves.	bdl
arctic_b0382	arctic_b0382.wav	I defy any man to get a Solomon Island sore in California.	bdl
arctic_b0383	arctic_b0383.wav	A bush chief had died a natural death.	bdl
arctic_b0384	arctic_b0384.wav	The skipper's and Nakata's gymnastics served as a translation without words.	bdl
arctic_b0385	arctic_b0385.wav	Last night he showed all the symptoms of coming down with pneumonia.	bdl
arctic_b0386	arctic_b0386.wav	My idea was that he would have more influence over the natives.	bdl
arctic_b0387	arctic_b0387.wav	It is merely the simple superlative.	bdl
arctic_b0388	arctic_b0388.wav	I made no more overtures.	bdl
arctic_b0389	arctic_b0389.wav	Among my minor afflictions, I may mention a new and mysterious one.	bdl
arctic_b0390	arctic_b0390.wav	The voyage was our idea of a good time.	bdl
arctic_b0391	arctic_b0391.wav	At sea, Tuesday, March 17, 1908.	bdl
arctic_b0392	arctic_b0392.wav	Yes, sir, he answered, with cheerful alacrity.	bdl
arctic_b0393	arctic_b0393.wav	I was still weak from my prolonged immersion.	bdl
arctic_b0394	arctic_b0394.wav	The boy hesitated, then mastered his temper.	bdl
arctic_b0395	arctic_b0395.wav	I was beneath the water, suffocating and drowning.	bdl
arctic_b0396	arctic_b0396.wav	The pain from my hurt knee was agonizing.	bdl
arctic_b0397	arctic_b0397.wav	The hunters were still arguing and roaring like some semi-human amphibious breed.	bdl
arctic_b0398	arctic_b0398.wav	I have been robbed, sir, I amended.	bdl
arctic_b0399	arctic_b0399.wav	You were looking squeamish this afternoon, he began.	bdl
arctic_b0400	arctic_b0400.wav	How could I answer the question on the spur of the moment.	bdl
arctic_b0401	arctic_b0401.wav	I learned it myself in English ships.	bdl
arctic_b0402	arctic_b0402.wav	An altruistic act is an act performed for the welfare of others.	bdl
arctic_b0403	arctic_b0403.wav	Knowing him, I review the old Scandinavian myths with clearer understanding.	bdl
arctic_b0404	arctic_b0404.wav	Yes, and no, sir, was the slow reply.	bdl
arctic_b0405	arctic_b0405.wav	And each year something happened, and I did not go.	bdl
arctic_b0406	arctic_b0406.wav	How in hell did he know it was you in the dark.	bdl
arctic_b0407	arctic_b0407.wav	Of course much grumbling went on, and little outbursts were continually occurring.	bdl
arctic_b0408	arctic_b0408.wav	You have all the advantage.	bdl
arctic_b0409	arctic_b0409.wav	The dirk mentioned by Wolf Larsen rested in its sheath on my hip.	bdl
arctic_b0410	arctic_b0410.wav	Have you ever earned a dollar by your own labour.	bdl
arctic_b0411	arctic_b0411.wav	He gave no reason, but his motive was obvious enough.	bdl
arctic_b0412	arctic_b0412.wav	Ah, it was sweet in my ears.	bdl
arctic_b0413	arctic_b0413.wav	He may desire to escape pain, or to enjoy pleasure.	bdl
arctic_b0414	arctic_b0414.wav	It was impossible to hoist sail and claw off that shore.	bdl
arctic_b0415	arctic_b0415.wav	There was nothing for us but the wide raw ocean.	bdl
arctic_b0416	arctic_b0416.wav	I arose obediently and went down the beach.	bdl
arctic_b0417	arctic_b0417.wav	The next thing to watch out for is bed sores.	bdl
arctic_b0418	arctic_b0418.wav	At that moment I got the impression that she was willowy.	bdl
arctic_b0419	arctic_b0419.wav	Your father's fifth command, he nodded.	bdl
arctic_b0420	arctic_b0420.wav	On occasion, on this traverse, the Cape Verde Islands are raised.	bdl
arctic_b0421	arctic_b0421.wav	She is essentially the life-giving, life-conserving female of the species.	bdl
arctic_b0422	arctic_b0422.wav	This was when the explosion occurred.	bdl
arctic_b0423	arctic_b0423.wav	Also, at regular intervals, he would mutter.	bdl
arctic_b0424	arctic_b0424.wav	It is a very tenable hypothesis, and will bear looking into.	bdl
arctic_b0425	arctic_b0425.wav	There were orange-green, gold-green, and a copper-green.	bdl
arctic_b0426	arctic_b0426.wav	The Gabriel voice of the Samurai rang out.	bdl
arctic_b0427	arctic_b0427.wav	The sunsets grow more bizarre and spectacular off this coast of the Argentine.	bdl
arctic_b0428	arctic_b0428.wav	The history of our westward-faring race is written in it.	bdl
arctic_b0429	arctic_b0429.wav	And the Eurasian Chinese-Englishman bowed himself away.	bdl
arctic_b0430	arctic_b0430.wav	They were babbling and chattering all together.	bdl
arctic_b0431	arctic_b0431.wav	Too much, he told me, with ominous rolling head.	bdl
arctic_b0432	arctic_b0432.wav	He is a candidate, rising from the serf class to our class.	bdl
arctic_b0433	arctic_b0433.wav	We are cooking on the coal stove and on the oil burners.	bdl
arctic_b0434	arctic_b0434.wav	The steward has just tendered me a respectful bit of advice.	bdl
arctic_b0435	arctic_b0435.wav	Well, did they eat.	bdl
arctic_b0436	arctic_b0436.wav	Famine had been my great ally.	bdl
arctic_b0437	arctic_b0437.wav	Nowhere in the North is the soil so prolific.	bdl
arctic_b0438	arctic_b0438.wav	They ran the canoe in and climbed the high earth bank.	bdl
arctic_b0439	arctic_b0439.wav	The land exchanged its austere robes for the garb of a smiling wanton.	bdl
arctic_b0440	arctic_b0440.wav	There were stir and bustle, new faces, and fresh facts.	bdl
arctic_b0441	arctic_b0441.wav	And there was Ethel Baird, whom also you must remember.	bdl
arctic_b0442	arctic_b0442.wav	He had become a man very early in life.	bdl
arctic_b0443	arctic_b0443.wav	I did not think you would be so early.	bdl
arctic_b0444	arctic_b0444.wav	He did not know what went on in the minds of his superiors.	bdl
arctic_b0445	arctic_b0445.wav	Mops, sir, eagerly answered the sailor at the wheel.	bdl
arctic_b0446	arctic_b0446.wav	Some one had thrust a large sheath-knife into his hand.	bdl
arctic_b0447	arctic_b0447.wav	O'Brien emitted a shriek that sank swiftly to a gurgling sob.	bdl
arctic_b0448	arctic_b0448.wav	Sandel would never become a world champion.	bdl
arctic_b0449	arctic_b0449.wav	Also, she wouldn't walk.	bdl
arctic_b0450	arctic_b0450.wav	To my dearest and always appreciated friend, I submit myself.	bdl
arctic_b0451	arctic_b0451.wav	You used to joyride like the very devil.	bdl
arctic_b0452	arctic_b0452.wav	They saw each other for the first time in Boston.	bdl
arctic_b0453	arctic_b0453.wav	Isaac Ford, the austere soldier of the Lord, the old hypocrite.	bdl
arctic_b0454	arctic_b0454.wav	Eighteen, he added.	bdl
arctic_b0455	arctic_b0455.wav	His reward should have been peace and repose.	bdl
arctic_b0456	arctic_b0456.wav	He was an amphibian and a mountaineer.	bdl
arctic_b0457	arctic_b0457.wav	It was sanctification and salvation.	bdl
arctic_b0458	arctic_b0458.wav	The history of the eighteenth century is written, Ernest prompted.	bdl
arctic_b0459	arctic_b0459.wav	They are not biologists nor sociologists.	bdl
arctic_b0460	arctic_b0460.wav	The more his opponents grew excited, the more Ernest deliberately excited them.	bdl
arctic_b0461	arctic_b0461.wav	By virtue of that power we shall remain in power.	bdl
arctic_b0462	arctic_b0462.wav	One guess will do, Ernest retorted.	bdl
arctic_b0463	arctic_b0463.wav	Take my advice and accept the vacation.	bdl
arctic_b0464	arctic_b0464.wav	I could not agree with Ernest.	bdl
arctic_b0465	arctic_b0465.wav	But such divergence of opinion would constitute no menace to society.	bdl
arctic_b0466	arctic_b0466.wav	It is dog eat dog, and you ate them up.	bdl
arctic_b0467	arctic_b0467.wav	Let us run them for ourselves.	bdl
arctic_b0468	arctic_b0468.wav	It was introduced by Representative Dick of Ohio.	bdl
arctic_b0469	arctic_b0469.wav	Very few people knew of the existence of this law.	bdl
arctic_b0470	arctic_b0470.wav	The very thing, Ernest agreed.	bdl
arctic_b0471	arctic_b0471.wav	Also a fellow Senator, Chauncey Depew, said.	bdl
arctic_b0472	arctic_b0472.wav	Ernest saw in the affair the most sinister import.	bdl
arctic_b0473	arctic_b0473.wav	Then there was the campaign.	bdl
arctic_b0474	arctic_b0474.wav	He was manifestly distressed by my coming.	bdl
arctic_b0475	arctic_b0475.wav	Not a wheel moved in his empire.	bdl
arctic_b0476	arctic_b0476.wav	The reorganization of these countries took the form of revolution.	bdl
arctic_b0477	arctic_b0477.wav	You're going in for grab sharing.	bdl
arctic_b0478	arctic_b0478.wav	The Oligarchy will encourage such ambition and the consequent competition.	bdl
arctic_b0479	arctic_b0479.wav	Violation of this law was made a high misdemeanor and punished accordingly.	bdl
arctic_b0480	arctic_b0480.wav	Without discussion, it was the agents provocateurs who caused the Peasant Revolt.	bdl
arctic_b0481	arctic_b0481.wav	The task we set ourselves was threefold.	bdl
arctic_b0482	arctic_b0482.wav	Many other similar disconcerting omissions will be noticed in the Manuscript.	bdl
arctic_b0483	arctic_b0483.wav	The flower of the artistic and intellectual world were revolutionists.	bdl
arctic_b0484	arctic_b0484.wav	This the Iron Heel foresaw and laid its schemes accordingly.	bdl
arctic_b0485	arctic_b0485.wav	The mob came on, but it could not advance.	bdl
arctic_b0486	arctic_b0486.wav	But why continue the tirade, for tirade it was.	bdl
arctic_b0487	arctic_b0487.wav	After all superfluous flesh is gone what is left is stringy and resistant.	bdl
arctic_b0488	arctic_b0488.wav	Beyond refusing to sell us food, they left us to ourselves.	bdl
arctic_b0489	arctic_b0489.wav	He was a merry monarch, especially so for an Asiatic.	bdl
arctic_b0490	arctic_b0490.wav	What an excited whispering and conferring took place.	bdl
arctic_b0491	arctic_b0491.wav	Jacob Brinker, who was his roadmate, brought the news.	bdl
arctic_b0492	arctic_b0492.wav	Thus he turned the tenets and jargon of psychology back on me.	bdl
arctic_b0493	arctic_b0493.wav	You yellow giant thing of the frost.	bdl
arctic_b0494	arctic_b0494.wav	Never so strange a prophet came up to Jerusalem.	bdl
arctic_b0495	arctic_b0495.wav	We who have endured so much surely can endure a little more.	bdl
arctic_b0496	arctic_b0496.wav	I have seen myself that one man contemplated by Pascal's philosophic eye.	bdl
arctic_b0497	arctic_b0497.wav	One great drawback to farming in California is our long dry summer.	bdl
arctic_b0498	arctic_b0498.wav	I remembered the red wine of the Italian rancho, and shuddered inwardly.	bdl
arctic_b0499	arctic_b0499.wav	I said, and dismissed the matter as not worth thinking about.	bdl
arctic_b0500	arctic_b0500.wav	Then came my boy code.	bdl
arctic_b0501	arctic_b0501.wav	And wherever I ranged, the way lay along alcohol-drenched roads.	bdl
arctic_b0502	arctic_b0502.wav	And as we hurried up town, Joe Goose explained.	bdl
arctic_b0503	arctic_b0503.wav	The scents of strange vegetation blew off the tropic land.	bdl
arctic_b0504	arctic_b0504.wav	The life there was healthful and athletic, but too juvenile.	bdl
arctic_b0505	arctic_b0505.wav	How valiantly I went at it that first day.	bdl
arctic_b0506	arctic_b0506.wav	It would help to tide me along until I got steady employment.	bdl
arctic_b0507	arctic_b0507.wav	Did I possess too much vitality.	bdl
arctic_b0508	arctic_b0508.wav	In his anxiety and solicitude and love they did not count.	bdl
arctic_b0509	arctic_b0509.wav	He had fulfilled his duty and paid properly.	bdl
arctic_b0510	arctic_b0510.wav	He knew what taboos he was violating.	bdl
arctic_b0511	arctic_b0511.wav	Do you value your hide.	bdl
arctic_b0512	arctic_b0512.wav	You should have seen them when they heard me spitting Chinook.	bdl
arctic_b0513	arctic_b0513.wav	He plodded on for half an hour, when the hallucination arose again.	bdl
arctic_b0514	arctic_b0514.wav	Tomorrow or next day it might he gone.	bdl
arctic_b0515	arctic_b0515.wav	But already he had composed himself.	bdl
arctic_b0516	arctic_b0516.wav	Zilla relaxed her sour mouth long enough to sigh her satisfaction.	bdl
arctic_b0517	arctic_b0517.wav	Eggshell is not good to eat.	bdl
arctic_b0518	arctic_b0518.wav	But there was also talk of witchcraft in the village.	bdl
arctic_b0519	arctic_b0519.wav	Yea, I will tell thee.	bdl
arctic_b0520	arctic_b0520.wav	Hans hurled himself upon the prostrate man, striking madly with his fists.	bdl
arctic_b0521	arctic_b0521.wav	And he thought of Oona, and of her words.	bdl
arctic_b0522	arctic_b0522.wav	Nor would it thaw out his hands and feet.	bdl
arctic_b0523	arctic_b0523.wav	The Russian music player, the Count, was her obedient slave.	bdl
arctic_b0524	arctic_b0524.wav	So far as flags were concerned, they were beyond all jurisdiction.	bdl
arctic_b0525	arctic_b0525.wav	New idea, he volunteered, brand new idea.	bdl
arctic_b0526	arctic_b0526.wav	Thirty pounds, said the captain with finality.	bdl
arctic_b0527	arctic_b0527.wav	The very idea of it was preposterous.	bdl
arctic_b0528	arctic_b0528.wav	Captain Doane's orders were swiftly obeyed.	bdl
arctic_b0529	arctic_b0529.wav	Come on, Del Mar challenged.	bdl
arctic_b0530	arctic_b0530.wav	He had a big chimpanzee that was a winner.	bdl
arctic_b0531	arctic_b0531.wav	I am sure it must have been some adventure.	bdl
arctic_b0532	arctic_b0532.wav	That Longfellow chap most likely had written countless books of poetry.	bdl
arctic_b0533	arctic_b0533.wav	His abnormal power of vision made abstractions take on concrete form.	bdl
arctic_b0534	arctic_b0534.wav	I'll tell you, the librarian said with a brightening face.	bdl
arctic_b0535	arctic_b0535.wav	He read his fragments aloud.	bdl
arctic_b0536	arctic_b0536.wav	Typhoid -- did I tell you.	bdl
arctic_b0537	arctic_b0537.wav	But she had become an automaton.	bdl
arctic_b0538	arctic_b0538.wav	At the best, they were necessary accessories.	bdl
arctic_b0539	arctic_b0539.wav	You were making them talk shop, Ruth charged him.	bdl
